year,state,district,c1_x,c2_x,c1_party_x,c2_party_x,c1_votes,c2_votes,winner,winner_party,c1_y,c2_y,c1_party_y,c2_party_y,c1_pct,c2_pct
2018,ARIZONA,1,TOM O'HALLERAN,WENDY ROGERS,DEMOCRAT,REPUBLICAN,143240,122784.0,TOM O'HALLERAN,DEMOCRAT,WENDY J. ROGERS,TOM O'HALLERAN,REP,DEM,39.44,36.23
2018,ARIZONA,2,ANN KIRKPATRICK,LEA MARQUEZ PETERSON,DEMOCRAT,REPUBLICAN,161000,133083.0,ANN KIRKPATRICK,DEMOCRAT,MATTHEW G. HEINZ,LEA MARQUEZ PETERSON,DEM,REP,45.0,31.0
2018,ARIZONA,4,PAUL GOSAR,DAVID BRILL,REPUBLICAN,DEMOCRAT,188842,84521.0,PAUL GOSAR,REPUBLICAN,PAUL GOSAR,DAVID BRILL,REP,DEM,57.0,25.0
2018,ARIZONA,6,DAVID SCHWEIKERT,ANITA MALIK,REPUBLICAN,DEMOCRAT,173140,140559.0,DAVID SCHWEIKERT,REPUBLICAN,DAVID SCHWEIKERT,DAVID SCHWEIKERT,REP,REP,49.97,44.83
2018,ARIZONA,8,DEBBIE LESKO,HIRAL TIPIRNENI,REPUBLICAN,DEMOCRAT,168835,135569.0,DEBBIE LESKO,REPUBLICAN,DEBBIE LESKO,HIRAL TIPIRNENI,REP,DEM,49.0,43.0
2018,ARKANSAS,1,RICK CRAWFORD,CHINTAN DESAI,REPUBLICAN,DEMOCRAT,138757,57907.0,RICK CRAWFORD,REPUBLICAN,RICK CRAWFORD,CHINTAN DESAI,REP,DEM,57.0,22.0
2018,ARKANSAS,2,FRENCH HILL,CLARKE TUCKER,REPUBLICAN,DEMOCRAT,132125,116135.0,FRENCH HILL,REPUBLICAN,FRENCH HILL,CLARKE TUCKER,REP,DEM,47.0,42.0
2018,ARKANSAS,3,STEVE WOMACK,JOSH MAHONY,REPUBLICAN,DEMOCRAT,148717,74952.0,STEVE WOMACK,REPUBLICAN,STEVE WOMACK,JOSH MAHONY,REP,DEM,53.0,31.0
2018,ARKANSAS,4,BRUCE WESTERMAN,HAYDEN CATHERINE SHAMEL,REPUBLICAN,DEMOCRAT,136740,63984.0,BRUCE WESTERMAN,REPUBLICAN,BRUCE WESTERMAN,HAYDEN SHAMEL,REP,DEM,54.0,24.0
2018,CALIFORNIA,4,TOM MCCLINTOCK,JESSICA MORSE,REPUBLICAN,DEMOCRAT,184401,156253.0,TOM MCCLINTOCK,REPUBLICAN,TOM MCCLINTOCK,JESSICA MORSE,REP,DEM,49.0,45.0
2018,CALIFORNIA,7,AMI BERA,ANDREW GRANT,DEMOCRAT,REPUBLICAN,155016,126601.0,AMI BERA,DEMOCRAT,AMI BERA,ANDREW GRANT,DEM,REP,50.0,41.0
2018,CALIFORNIA,10,JOSH HARDER,JEFF DENHAM,DEMOCRAT,REPUBLICAN,115945,105955.0,JOSH HARDER,DEMOCRAT,JOSH HARDER,JEFF DENHAM,DEM,REP,48.0,48.0
2018,CALIFORNIA,16,JIM COSTA,ELIZABETH HENG,DEMOCRAT,REPUBLICAN,82266,60693.0,JIM COSTA,DEMOCRAT,JIM COSTA,ELIZABETH HENG,DEM,REP,51.0,40.0
2018,CALIFORNIA,21,TJ COX,DAVID G VALADAO,DEMOCRAT,REPUBLICAN,57239,56377.0,TJ COX,DEMOCRAT,DAVID G. VALADAO,TJ COX,REP,DEM,50.0,39.0
2018,CALIFORNIA,22,DEVIN G NUNES,ANDREW JANZ,REPUBLICAN,DEMOCRAT,117243,105136.0,DEVIN G NUNES,REPUBLICAN,DEVIN NUNES,ANDREW JANZ,REP,DEM,49.0,41.0
2018,CALIFORNIA,24,SALUD CARBAJAL,JUSTIN FAREED,DEMOCRAT,REPUBLICAN,166550,117881.0,SALUD CARBAJAL,DEMOCRAT,SALUD CARBAJAL,JUSTIN DONALD FAREED,DEM,REP,47.0,46.0
2018,CALIFORNIA,25,KATIE HILL,STEVE KNIGHT,DEMOCRAT,REPUBLICAN,133209,111813.0,KATIE HILL,DEMOCRAT,KATIE HILL,STEPHEN KNIGHT,DEM,REP,53.0,40.0
2018,CALIFORNIA,39,GIL CISNEROS,YOUNG KIM,DEMOCRAT,REPUBLICAN,126002,118391.0,GIL CISNEROS,DEMOCRAT,YOUNG KIM,GIL CISNEROS,REP,DEM,41.0,38.0
2018,CALIFORNIA,45,KATIE PORTER,MIMI WALTERS,DEMOCRAT,REPUBLICAN,158906,146383.0,KATIE PORTER,DEMOCRAT,KATIE PORTER,MIMI WALTERS,DEM,REP,46.0,43.0
2018,CALIFORNIA,48,HARLEY ROUDA,DANA ROHRABACHER,DEMOCRAT,REPUBLICAN,157837,136899.0,HARLEY ROUDA,DEMOCRAT,DANA ROHRABACHER,HARLEY ROUDA,REP,DEM,48.0,44.0
2018,CALIFORNIA,49,MIKE LEVIN,DIANE L HARKEY,DEMOCRAT,REPUBLICAN,166453,128577.0,MIKE LEVIN,DEMOCRAT,MIKE LEVIN,DIANE L. HARKEY,DEM,REP,44.0,41.0
2018,CALIFORNIA,50,DUNCAN HUNTER,AMMAR CAMPA-NAJJAR,REPUBLICAN,DEMOCRAT,134362,125448.0,DUNCAN HUNTER,REPUBLICAN,DUNCAN HUNTER,AMMAR CAMPA-NAJJAR,REP,DEM,51.0,42.0
2018,COLORADO,3,SCOTT R TIPTON,DIANE MITSCH BUSH,REPUBLICAN,DEMOCRAT,173205,146426.0,SCOTT R TIPTON,REPUBLICAN,SCOTT TIPTON,DIANE MITSCH BUSH,REP,DEM,53.0,38.0
2018,COLORADO,6,JASON CROW,MIKE COFFMAN,DEMOCRAT,REPUBLICAN,187639,148685.0,JASON CROW,DEMOCRAT,JASON CROW,MIKE COFFMAN,DEM,REP,44.0,39.0
2018,FLORIDA,1,MATT GAETZ,JENNIFER M ZIMMERMAN,REPUBLICAN,DEMOCRAT,216189,106199.0,MATT GAETZ,REPUBLICAN,MATT GAETZ,JENNIFER M. ZIMMERMAN,REP,DEM,55.5,24.8
2018,FLORIDA,6,MICHAEL WALTZ,NANCY SODERBERG,REPUBLICAN,DEMOCRAT,187891,145758.0,MICHAEL WALTZ,REPUBLICAN,MICHAEL WALTZ,NANCY SODERBERG,REP,DEM,47.0,46.0
2018,FLORIDA,7,STEPHANIE MURPHY,MIKE MILLER,DEMOCRAT,REPUBLICAN,183113,134285.0,STEPHANIE MURPHY,DEMOCRAT,STEPHANIE MURPHY,MIKE MILLER,DEM,REP,47.3,45.8
2018,FLORIDA,9,DARREN SOTO,WAYNE LIEBNITZKY,DEMOCRAT,REPUBLICAN,172172,124565.0,DARREN SOTO,DEMOCRAT,DARREN SOTO,WAYNE LIEBNITZKY,DEM,REP,48.0,40.0
2018,FLORIDA,12,GUS MICHAEL BILIRAKIS,CHRIS HUNTER,REPUBLICAN,DEMOCRAT,194564,132844.0,GUS MICHAEL BILIRAKIS,REPUBLICAN,GUS MICHAEL BILIRAKIS,CHRIS HUNTER,REP,DEM,49.1,29.7
2018,FLORIDA,15,ROSS SPANO,KRISTEN CARLSON,REPUBLICAN,DEMOCRAT,151380,134132.0,ROSS SPANO,REPUBLICAN,KRISTEN CARLSON,ROSS SPANO,DEM,REP,48.0,47.0
2018,FLORIDA,16,VERN BUCHANAN,DAVID SHAPIRO,REPUBLICAN,DEMOCRAT,197483,164463.0,VERN BUCHANAN,REPUBLICAN,VERN BUCHANAN,DAVID SHAPIRO,REP,DEM,44.0,34.5
2018,FLORIDA,18,BRIAN MAST,LAUREN BAER,REPUBLICAN,DEMOCRAT,185905,156454.0,BRIAN MAST,REPUBLICAN,BRIAN MAST,LAUREN BAER,REP,DEM,46.0,43.0
2018,FLORIDA,19,FRANCIS ROONEY,DAVID HOLDEN,REPUBLICAN,DEMOCRAT,211465,128106.0,FRANCIS ROONEY,REPUBLICAN,FRANCIS ROONEY,DAVID HOLDEN,REP,DEM,51.0,42.0
2018,FLORIDA,25,MARIO DIAZ-BALART,MARY BARZEE FLORES,REPUBLICAN,DEMOCRAT,128672,84173.0,MARIO DIAZ-BALART,REPUBLICAN,MARIO DIAZ-BALART,MARY BARZEE FLORES,REP,DEM,46.0,39.0
2018,FLORIDA,26,DEBBIE MUCARSEL-POWELL,CARLOS CURBELO,DEMOCRAT,REPUBLICAN,119797,115678.0,DEBBIE MUCARSEL-POWELL,DEMOCRAT,CARLOS CURBELO,DEBBIE MUCARSEL-POWELL,REP,DEM,45.0,40.0
2018,FLORIDA,27,DONNA SHALALA,MARIA ELVIRA SALAZAR,DEMOCRAT,REPUBLICAN,130743,115588.0,DONNA SHALALA,DEMOCRAT,MARIA ELVIRA SALAZAR,DONNA E. SHALALA,REP,DEM,51.0,42.0
2018,GEORGIA,3,DREW FERGUSON,CHUCK ENDERLIN,REPUBLICAN,DEMOCRAT,191996,101010.0,DREW FERGUSON,REPUBLICAN,DREW FERGUSON,CHUCK ENDERLIN,REP,DEM,56.0,26.0
2018,GEORGIA,6,LUCY MCBATH,KAREN HANDEL,DEMOCRAT,REPUBLICAN,160139,156875.0,LUCY MCBATH,DEMOCRAT,KAREN HANDEL,LUCY MCBATH,REP,DEM,49.0,47.0
2018,GEORGIA,7,ROB WOODALL,CAROLYN BOURDEAUX,REPUBLICAN,DEMOCRAT,140430,140011.0,ROB WOODALL,REPUBLICAN,CAROLYN BOURDEAUX,ROB WOODALL,DEM,REP,46.0,44.0
2018,IDAHO,1,RUSS FULCHER,CRISTINA MCNEIL,REPUBLICAN,DEMOCRAT,197719,96922.0,RUSS FULCHER,REPUBLICAN,RUSS FULCHER,CRISTINA MCNEIL,REP,DEM,35.0,27.0
2018,IDAHO,2,MIKE SIMPSON,AARON SWISHER,REPUBLICAN,DEMOCRAT,170274,110381.0,MIKE SIMPSON,REPUBLICAN,MIKE SIMPSON,AARON SWISHER,REP,DEM,59.0,23.0
2018,ILLINOIS,6,SEAN CASTEN,PETER J ROSKAM,DEMOCRAT,REPUBLICAN,169001,146445.0,SEAN CASTEN,DEMOCRAT,PETER J. ROSKAM,SEAN CASTEN,REP,DEM,45.0,44.0
2018,ILLINOIS,12,MIKE BOST,BRENDAN KELLY,REPUBLICAN,DEMOCRAT,134884,118724.0,MIKE BOST,REPUBLICAN,MIKE BOST,BRENDAN KELLY,REP,DEM,44.0,39.0
2018,ILLINOIS,13,RODNEY DAVIS,BETSY DIRKSEN LONDRIGAN,REPUBLICAN,DEMOCRAT,136516,134458.0,RODNEY DAVIS,REPUBLICAN,RODNEY DAVIS,BETSY DIRKSEN LONDRIGAN,REP,DEM,45.0,42.0
2018,ILLINOIS,14,LAUREN UNDERWOOD,"RANDALL M ""RANDY"" HULTGREN",DEMOCRAT,REPUBLICAN,156035,141164.0,LAUREN UNDERWOOD,DEMOCRAT,RANDY HULTGREN,LAUREN UNDERWOOD,REP,DEM,45.0,41.0
2018,ILLINOIS,16,ADAM KINZINGER,SARA DADY,REPUBLICAN,DEMOCRAT,151254,104569.0,ADAM KINZINGER,REPUBLICAN,ADAM KINZINGER,SARA DADY,REP,DEM,55.0,41.0
2018,INDIANA,3,JIM BANKS,COURTNEY TRITCH,REPUBLICAN,DEMOCRAT,158927,86610.0,JIM BANKS,REPUBLICAN,JIM BANKS,COURTNEY TRITCH,REP,DEM,55.0,34.0
2018,INDIANA,5,SUSAN W BROOKS,DEE THORNTON,REPUBLICAN,DEMOCRAT,180035,137142.0,SUSAN W BROOKS,REPUBLICAN,SUSAN W. BROOKS,DEE THORNTON,REP,DEM,50.0,44.0
2018,INDIANA,9,TREY HOLLINGSWORTH,LIZ WATSON,REPUBLICAN,DEMOCRAT,153271,118090.0,TREY HOLLINGSWORTH,REPUBLICAN,TREY HOLLINGSWORTH,LIZ WATSON,REP,DEM,52.0,45.0
2018,IOWA,1,ABBY FINKENAUER,ROD BLUM,DEMOCRAT,REPUBLICAN,170342,153442.0,ABBY FINKENAUER,DEMOCRAT,ABBY FINKENAUER,ROD BLUM,DEM,REP,43.0,42.0
2018,IOWA,2,DAVE LOEBSACK,CHRISTOPHER PETERS,DEMOCRAT,REPUBLICAN,171446,133287.0,DAVE LOEBSACK,DEMOCRAT,DAVE LOEBSACK,CHRISTOPHER PETERS,DEM,REP,45.4,20.7
2018,IOWA,3,CINDY AXNE,DAVID YOUNG,DEMOCRAT,REPUBLICAN,175642,167933.0,CINDY AXNE,DEMOCRAT,CINDY AXNE,DAVID YOUNG,DEM,REP,45.0,41.0
2018,IOWA,4,STEVE KING,JD SCHOLTEN,REPUBLICAN,DEMOCRAT,157676,147246.0,STEVE KING,REPUBLICAN,STEVE KING,J.D. SCHOLTEN,REP,DEM,41.4,30.5
2018,KANSAS,1,ROGER MARSHALL,ALAN LAPOLICE,REPUBLICAN,DEMOCRAT,153082,71558.0,ROGER MARSHALL,REPUBLICAN,ROGER MARSHALL,ALAN LAPOLICE,REP,DEM,43.5,16.9
2018,KANSAS,2,STEVE WATKINS,PAUL DAVIS,REPUBLICAN,DEMOCRAT,126098,123859.0,STEVE WATKINS,REPUBLICAN,PAUL DAVIS,PAUL DAVIS,DEM,DEM,46.2,44.75
2018,KANSAS,3,SHARICE DAVIDS,KEVIN YODER,DEMOCRAT,REPUBLICAN,170518,139762.0,SHARICE DAVIDS,DEMOCRAT,SHARICE DAVIDS,KEVIN YODER,DEM,REP,46.0,43.0
2018,KANSAS,4,RON ESTES,JAMES A THOMPSON,REPUBLICAN,DEMOCRAT,144248,98445.0,RON ESTES,REPUBLICAN,RON ESTES,JAMES A. THOMPSON,REP,DEM,42.1,38.4
2018,KENTUCKY,6,ANDY BARR,AMY MCGRATH,REPUBLICAN,DEMOCRAT,154468,144736.0,ANDY BARR,REPUBLICAN,AMY MCGRATH,ANDY BARR,DEM,REP,52.0,37.0
2018,LOUISIANA,3,CLAY HIGGINS,"MILDRED ""MIMI"" METHVIN",REPUBLICAN,DEMOCRAT,136876,43729.0,CLAY HIGGINS,REPUBLICAN,CLAY HIGGINS,CLAY HIGGINS,REP,REP,69.2,61.7
2018,MAINE,1,CHELLIE PINGREE,MARK I HOLBROOK,DEMOCRAT,REPUBLICAN,201195,111188.0,CHELLIE PINGREE,DEMOCRAT,CHELLIE PINGREE,MARK HOLBROOK,DEM,REP,53.4,29.4
2018,MAINE,2,JARED F GOLDEN,BRUCE POLIQUIN,DEMOCRAT,REPUBLICAN,139231,136326.0,JARED F GOLDEN,DEMOCRAT,JARED FORREST GOLDEN,BRUCE POLIQUIN,DEM,REP,51.0,49.0
2018,MICHIGAN,1,JACK BERGMAN,MATTHEW W MORGAN,REPUBLICAN,DEMOCRAT,187251,145246.0,JACK BERGMAN,REPUBLICAN,JACK BERGMAN,MATT MORGAN,REP,DEM,54.0,42.0
2018,MICHIGAN,2,BILL HUIZENGA,ROB DAVIDSON,REPUBLICAN,DEMOCRAT,168970,131254.0,BILL HUIZENGA,REPUBLICAN,BILL HUIZENGA,ROB DAVIDSON,REP,DEM,48.0,42.0
2018,MICHIGAN,6,FRED UPTON,MATT LONGJOHN,REPUBLICAN,DEMOCRAT,147436,134082.0,FRED UPTON,REPUBLICAN,FRED UPTON,MATT LONGJOHN,REP,DEM,49.0,44.0
2018,MICHIGAN,7,TIM WALBERG,GRETCHEN DRISKELL,REPUBLICAN,DEMOCRAT,158730,136330.0,TIM WALBERG,REPUBLICAN,TIM WALBERG,GRETCHEN DRISKELL,REP,DEM,41.0,37.0
2018,MICHIGAN,8,ELISSA SLOTKIN,MIKE BISHOP,DEMOCRAT,REPUBLICAN,172880,159782.0,ELISSA SLOTKIN,DEMOCRAT,MIKE BISHOP,ELISSA SLOTKIN,REP,DEM,45.0,39.0
2018,MICHIGAN,11,HALEY STEVENS,LENA EPSTEIN,DEMOCRAT,REPUBLICAN,181912,158463.0,HALEY STEVENS,DEMOCRAT,HALEY STEVENS,HALEY STEVENS,DEM,DEM,45.8,45.18
2018,MINNESOTA,1,JIM HAGEDORN,DAN FEEHAN,REPUBLICAN,OTHER,146200,144885.0,JIM HAGEDORN,REPUBLICAN,JIM HAGEDORN,DAN FEEHAN,REP,DEM,47.0,33.0
2018,MINNESOTA,2,ANGIE CRAIG,JASON LEWIS,OTHER,REPUBLICAN,177958,159344.0,ANGIE CRAIG,OTHER,JASON LEWIS,ANGIE CRAIG,REP,DEM,43.0,42.0
2018,MINNESOTA,3,DEAN PHILLIPS,ERIK PAULSEN,OTHER,REPUBLICAN,202404,160839.0,DEAN PHILLIPS,OTHER,DEAN PHILLIPS,ERIK PAULSEN,DEM,REP,46.0,43.0
2018,MINNESOTA,7,COLLIN C PETERSON,DAVE HUGHES,OTHER,REPUBLICAN,146672,134668.0,COLLIN C PETERSON,OTHER,COLLIN PETERSON,DAVE HUGHES,DEM,REP,53.0,35.0
2018,MINNESOTA,8,PETE STAUBER,JOE RADINOVICH,REPUBLICAN,OTHER,159364,141950.0,PETE STAUBER,REPUBLICAN,JOE RADINOVICH,PETE STAUBER,DEM,REP,44.0,43.0
2018,MISSISSIPPI,1,TRENT KELLY,RANDY MACK WADKINS,REPUBLICAN,DEMOCRAT,158245,76601.0,TRENT KELLY,REPUBLICAN,TRENT KELLY,RANDY WADKINS,REP,DEM,57.19,28.18
2018,MISSISSIPPI,2,BENNIE G THOMPSON,TROY RAY,DEMOCRAT,INDEPENDENT,158921,48104.0,BENNIE G THOMPSON,DEMOCRAT,BENNIE G. THOMPSON,IRVING HARRIS,DEM,REF,50.66,22.13
2018,MISSISSIPPI,3,MICHAEL GUEST,MICHAEL TED EVANS,REPUBLICAN,DEMOCRAT,160284,94461.0,MICHAEL GUEST,REPUBLICAN,MICHAEL GUEST,MARY BRANNON,REP,DEM,56.11,26.87
2018,MISSISSIPPI,4,STEVEN PALAZZO,JERAMEY ANDERSON,REPUBLICAN,DEMOCRAT,152633,68787.0,STEVEN PALAZZO,REPUBLICAN,STEVEN PALAZZO,JERAMEY ANDERSON,REP,DEM,53.66,36.68
2018,MISSOURI,2,ANN WAGNER,CORT VANOSTRAN,REPUBLICAN,DEMOCRAT,192477,177611.0,ANN WAGNER,REPUBLICAN,ANN WAGNER,CORT VANOSTRAN,REP,DEM,51.0,40.0
2018,NEBRASKA,1,JEFF FORTENBERRY,JESSICA MCCLURE,REPUBLICAN,DEMOCRAT,141712,93069.0,JEFF FORTENBERRY,REPUBLICAN,JEFF FORTENBERRY,JESSICA MCCLURE,REP,DEM,55.0,39.0
2018,NEBRASKA,2,DON BACON,KARA EASTMAN,REPUBLICAN,DEMOCRAT,126715,121770.0,DON BACON,REPUBLICAN,DON BACON,KARA EASTMAN,REP,DEM,50.0,40.0
2018,NEVADA,1,DINA TITUS,JOYCE BENTLEY,DEMOCRAT,REPUBLICAN,100707,46978.0,DINA TITUS,DEMOCRAT,DINA TITUS,JOYCE BENTLEY,DEM,REP,50.2,20.0
2018,NEVADA,2,MARK E AMODEI,CLINT KOBLE,REPUBLICAN,DEMOCRAT,167435,120102.0,MARK E AMODEI,REPUBLICAN,MARK E. AMODEI,CLINT KOBLE,REP,DEM,23.1,16.2
2018,NEVADA,3,SUSIE LEE,DANNY TARKANIAN,DEMOCRAT,REPUBLICAN,148501,122566.0,SUSIE LEE,DEMOCRAT,SUSIE LEE,DANNY TARKANIAN,DEM,REP,40.7,39.0
2018,NEVADA,4,STEVEN A HORSFORD,CRESENT HARDY,DEMOCRAT,REPUBLICAN,121962,102748.0,STEVEN A HORSFORD,DEMOCRAT,STEVEN HORSFORD,CRESENT HARDY,DEM,REP,42.0,37.0
2018,NEW HAMPSHIRE,1,CHRIS PAPPAS,EDDIE EDWARDS,DEMOCRAT,REPUBLICAN,155884,130996.0,CHRIS PAPPAS,DEMOCRAT,CHRIS PAPPAS,EDDIE EDWARDS,DEM,REP,55.0,33.0
2018,NEW HAMPSHIRE,2,ANNE MCLANE KUSTER,STEVEN NEGRON,DEMOCRAT,REPUBLICAN,155358,117990.0,ANNE MCLANE KUSTER,DEMOCRAT,ANN MCLANE KUSTER,STEVEN NEGRON,DEM,REP,54.0,27.0
2018,NEW JERSEY,2,JEFF VAN DREW,SETH GROSSMAN,DEMOCRAT,REPUBLICAN,136685,116866.0,JEFF VAN DREW,DEMOCRAT,JEFF VAN DREW,SETH GROSSMAN,DEM,REP,55.0,32.0
2018,NEW JERSEY,3,ANDY KIM,TOM MACARTHUR,DEMOCRAT,REPUBLICAN,153473,149500.0,ANDY KIM,DEMOCRAT,TOM MACARTHUR,ANDY KIM,REP,DEM,42.0,41.0
2018,NEW JERSEY,5,JOSH GOTTHEIMER,JOHN J MCCANN JR,DEMOCRAT,REPUBLICAN,169546,128255.0,JOSH GOTTHEIMER,DEMOCRAT,JOHN MCCANN,JOSH GOTTHEIMER,REP,DEM,39.0,36.0
2018,NEW JERSEY,7,TOM MALINOWSKI,LEONARD LANCE,DEMOCRAT,REPUBLICAN,166985,150785.0,TOM MALINOWSKI,DEMOCRAT,TOM MALINOWSKI,LEONARD LANCE,DEM,REP,47.0,45.0
2018,NEW JERSEY,11,MIKIE SHERRILL,JAY WEBBER,DEMOCRAT,REPUBLICAN,183684,136322.0,MIKIE SHERRILL,DEMOCRAT,MIKIE SHERRILL,MIKIE SHERRILL,DEM,DEM,45.0,44.0
2018,NEW MEXICO,1,DEBRA A HAALAND,JANICE E ARNOLD-JONES,DEMOCRAT,REPUBLICAN,147336,90507.0,DEBRA A HAALAND,DEMOCRAT,DEBRA A. HAALAND,JANICE E. ARNOLD-JONES,DEM,REP,47.0,42.7
2018,NEW MEXICO,2,XOCHITL TORRES SMALL,YVETTE HERRELL,DEMOCRAT,REPUBLICAN,101489,97767.0,XOCHITL TORRES SMALL,DEMOCRAT,YVETTE HERRELL,XOCHITL TORRES SMALL,REP,DEM,48.5,34.7
2018,NEW MEXICO,3,BEN R LUJAN,JERALD STEVE MCFALL,DEMOCRAT,REPUBLICAN,155201,76427.0,BEN R LUJAN,DEMOCRAT,BEN RAY LUJÁN,JERALD STEVE MCFALL,DEM,REP,58.1,30.0
2018,NEW YORK,1,PERRY GERSHON,LEE M ZELDIN,DEMOCRAT,REPUBLICAN,124213,121562.0,PERRY GERSHON,DEMOCRAT,LEE M. ZELDIN,PERRY GERSHON,REP,DEM,47.0,44.0
2018,NEW YORK,11,MAX N ROSE,DAN DONOVAN,DEMOCRAT,REPUBLICAN,96850,80440.0,MAX N ROSE,DEMOCRAT,DAN DONOVAN,MAX N. ROSE,REP,DEM,47.0,39.0
2018,NEW YORK,19,ANTONIO DELGADO,JOHN J FASO,DEMOCRAT,REPUBLICAN,135582,112304.0,ANTONIO DELGADO,DEMOCRAT,ANTONIO DELGADO,JOHN J. FASO,DEM,REP,49.0,42.0
2018,NEW YORK,22,ANTHONY J BRINDISI,CLAUDIA TENNEY,DEMOCRAT,REPUBLICAN,116001,110125.0,ANTHONY J BRINDISI,DEMOCRAT,ANTHONY J. BRINDISI,CLAUDIA TENNEY,DEM,REP,50.0,44.0
2018,NEW YORK,23,THOMAS W REED II,TRACY MITRANO,REPUBLICAN,DEMOCRAT,114722,100914.0,THOMAS W REED II,REPUBLICAN,THOMAS REED,TRACY MITRANO,REP,DEM,49.0,47.0
2018,NEW YORK,24,DANA BALTER,JOHN M KATKO,DEMOCRAT,REPUBLICAN,115902,113538.0,DANA BALTER,DEMOCRAT,DANA BALTER,JOHN KATKO,DEM,REP,47.0,43.0
2018,NEW YORK,25,JOSEPH D MORELLE,JIM MAXWELL,DEMOCRAT,REPUBLICAN,147979,91342.0,JOSEPH D MORELLE,DEMOCRAT,JOSEPH D. MORELLE,JIM MAXWELL,DEM,REP,55.0,31.0
2018,NEW YORK,27,NATHAN D MCMURRAY,CHRIS COLLINS,DEMOCRAT,REPUBLICAN,128167,114506.0,NATHAN D MCMURRAY,DEMOCRAT,PATRICK M. GALLIVAN,STEFAN MYCHAJLIW,REP,REP,53.3,48.7
2018,NORTH CAROLINA,2,GEORGE HOLDING,LINDA COLEMAN,REPUBLICAN,DEMOCRAT,170072,151977.0,GEORGE HOLDING,REPUBLICAN,LINDA COLEMAN,GEORGE HOLDING,DEM,REP,45.0,44.0
2018,NORTH CAROLINA,7,DAVID ROUZER,KYLE HORTON,REPUBLICAN,DEMOCRAT,156809,120838.0,DAVID ROUZER,REPUBLICAN,KYLE HORTON,DAVID ROUZER,DEM,REP,44.0,40.0
2018,NORTH CAROLINA,9,MARK HARRIS,DAN MCCREADY,REPUBLICAN,DEMOCRAT,139246,138341.0,MARK HARRIS,REPUBLICAN,DANIEL KENT MCCREADY,MARK HARRIS,DEM,REP,43.0,36.0
2018,NORTH CAROLINA,13,TED BUDD,KATHY MANNING,REPUBLICAN,DEMOCRAT,147570,130402.0,TED BUDD,REPUBLICAN,TED BUDD,KATHY MANNING,REP,DEM,43.0,40.0
2018,OHIO,1,STEVE CHABOT,AFTAB PUREVAL,REPUBLICAN,DEMOCRAT,154409,141118.0,STEVE CHABOT,REPUBLICAN,STEVE CHABOT,AFTAB PUREVAL,REP,DEM,43.0,42.0
2018,OHIO,2,BRAD WENSTRUP,JILL SCHILLER,REPUBLICAN,DEMOCRAT,166714,119333.0,BRAD WENSTRUP,REPUBLICAN,BRAD WENSTRUP,JILL SCHILLER,REP,DEM,52.0,39.0
2018,OHIO,4,JIM JORDAN,JANET GARRETT,REPUBLICAN,DEMOCRAT,167993,89412.0,JIM JORDAN,REPUBLICAN,JIM JORDAN,JANET GARRETT,REP,DEM,60.0,36.0
2018,OHIO,7,BOB GIBBS,KEN HARBAUGH,REPUBLICAN,DEMOCRAT,153117,107536.0,BOB GIBBS,REPUBLICAN,BOB GIBBS,KEN HARBAUGH,REP,DEM,49.0,43.0
2018,OHIO,12,TROY BALDERSON,DANNY O'CONNOR,REPUBLICAN,DEMOCRAT,175677,161251.0,TROY BALDERSON,REPUBLICAN,TROY BALDERSON,TROY BALDERSON,REP,REP,50.0,48.0
2018,OKLAHOMA,1,KEVIN HERN,TIM GILPIN,REPUBLICAN,DEMOCRAT,150129,103042.0,KEVIN HERN,REPUBLICAN,KEVIN HERN,TIM GILPIN,REP,DEM,54.0,31.9
2018,OKLAHOMA,2,MARKWAYNE MULLIN,JASON NICHOLS,REPUBLICAN,DEMOCRAT,140451,65021.0,MARKWAYNE MULLIN,REPUBLICAN,MARKWAYNE MULLIN,JASON NICHOLS,REP,DEM,46.0,32.2
2018,OKLAHOMA,3,FRANK D LUCAS,FRANKIE ROBBINS,REPUBLICAN,DEMOCRAT,172913,61152.0,FRANK D LUCAS,REPUBLICAN,FRANK D. LUCAS,FRANKIE ROBBINS,REP,DEM,54.0,24.1
2018,OKLAHOMA,4,TOM COLE,MARY BRANNON,REPUBLICAN,DEMOCRAT,149227,78088.0,TOM COLE,REPUBLICAN,TOM COLE,MARY BRANNON,REP,DEM,58.0,24.7
2018,OKLAHOMA,5,KENDRA HORN,STEVE RUSSELL,DEMOCRAT,REPUBLICAN,121149,117811.0,KENDRA HORN,DEMOCRAT,STEVE RUSSELL,KENDRA HORN,REP,DEM,49.0,35.0
2018,OREGON,2,GREG WALDEN,JAMIE MCLEOD-SKINNER,REPUBLICAN,DEMOCRAT,207597,145298.0,GREG WALDEN,REPUBLICAN,GREG WALDEN,JAMIE MCLEOD-SKINNER,REP,DEM,49.0,40.0
2018,OREGON,5,KURT SCHRADER,MARK CALLAHAN,DEMOCRAT,REPUBLICAN,197187,149887.0,KURT SCHRADER,DEMOCRAT,MARK CALLAHAN,KURT SCHRADER,REP,DEM,56.0,33.0
2018,PENNSYLVANIA,1,BRIAN K FITZPATRICK,HENRY SCOTT WALLACE,REPUBLICAN,DEMOCRAT,169053,160745.0,BRIAN K FITZPATRICK,REPUBLICAN,BRIAN FITZPATRICK,BRIAN FITZPATRICK,REP,REP,49.0,48.0
2018,PENNSYLVANIA,7,SUSAN ELLIS WILD,MARTIN W NOTHSTEIN,DEMOCRAT,REPUBLICAN,140813,114437.0,SUSAN ELLIS WILD,DEMOCRAT,SUSAN WILD,MARTIN W. NOTHSTEIN,DEM,REP,42.0,31.0
2018,PENNSYLVANIA,8,MATTHEW ALTON CARTWRIGHT,JOHN ROBERT CHRIN,DEMOCRAT,REPUBLICAN,135603,112563.0,MATTHEW ALTON CARTWRIGHT,DEMOCRAT,MATT CARTWRIGHT,MATT CARTWRIGHT,DEM,DEM,52.38,51.32
2018,PENNSYLVANIA,9,DANIEL MEUSER,DENNIS WOLFF,REPUBLICAN,DEMOCRAT,148723,100204.0,DANIEL MEUSER,REPUBLICAN,DAN MEUSER,DENNY WOLFF,REP,DEM,57.0,36.0
2018,PENNSYLVANIA,10,SCOTT G PERRY,GEORGE B SCOTT,REPUBLICAN,DEMOCRAT,149365,141668.0,SCOTT G PERRY,REPUBLICAN,SCOTT PERRY,GEORGE B. SCOTT,REP,DEM,45.0,41.0
2018,PENNSYLVANIA,11,LLOYD K SMUCKER,JESSICA KING,REPUBLICAN,DEMOCRAT,163708,113876.0,LLOYD K SMUCKER,REPUBLICAN,LLOYD K. SMUCKER,JESS KING,REP,DEM,44.0,35.0
2018,PENNSYLVANIA,13,JOHN JOYCE,BRENT M OTTAWAY,REPUBLICAN,DEMOCRAT,178533,74733.0,JOHN JOYCE,REPUBLICAN,JOHN JOYCE,BRENT OTTAWAY,REP,DEM,57.0,36.0
2018,PENNSYLVANIA,16,GEORGE J KELLY JR,RONALD A DINICOLA,REPUBLICAN,DEMOCRAT,135348,124109.0,GEORGE J KELLY JR,REPUBLICAN,MIKE KELLY,RONALD A. DINICOLA,REP,DEM,50.0,44.0
2018,PENNSYLVANIA,17,CONOR JAMES LAMB,KEITH ROTHFUS,DEMOCRAT,REPUBLICAN,183162,142417.0,CONOR JAMES LAMB,DEMOCRAT,CONOR LAMB,CONOR LAMB,DEM,DEM,54.0,53.0
2018,PENNSYLVANIA,18,MICHAEL F DOYLE JR,,DEMOCRAT,,231472,,MICHAEL F DOYLE JR,DEMOCRAT,CONOR LAMB,CONOR LAMB,DEM,DEM,51.0,51.0
2018,SOUTH CAROLINA,1,JOE CUNNINGHAM,KATIE ARRINGTON,DEMOCRAT,REPUBLICAN,145455,141473.0,JOE CUNNINGHAM,DEMOCRAT,KATIE ARRINGTON,JOE CUNNINGHAM,REP,DEM,49.0,42.0
2018,TEXAS,6,RON WRIGHT,JANA LYNNE SANCHEZ,REPUBLICAN,DEMOCRAT,135961,116350.0,RON WRIGHT,REPUBLICAN,RON WRIGHT,JANA LYNNE SANCHEZ,REP,DEM,48.0,39.0
2018,TEXAS,7,LIZZIE PANNILL FLETCHER,JOHN CULBERSON,DEMOCRAT,REPUBLICAN,127959,115642.0,LIZZIE PANNILL FLETCHER,DEMOCRAT,JOHN ABNEY CULBERSON,LIZZIE FLETCHER,REP,DEM,47.0,45.0
2018,TEXAS,10,MICHAEL T MCCAUL,MIKE SIEGEL,REPUBLICAN,DEMOCRAT,157166,144034.0,MICHAEL T MCCAUL,REPUBLICAN,MICHAEL T. MCCAUL,MIKE SIEGEL,REP,DEM,39.0,36.0
2018,TEXAS,12,KAY GRANGER,VANESSA ADIA,REPUBLICAN,DEMOCRAT,172557,90994.0,KAY GRANGER,REPUBLICAN,KAY GRANGER,VANESSA ADIA,REP,DEM,62.0,30.0
2018,TEXAS,17,BILL FLORES,RICK KENNEDY,REPUBLICAN,DEMOCRAT,134841,98070.0,BILL FLORES,REPUBLICAN,BILL FLORES,RICK KENNEDY,REP,DEM,54.3,38.3
2018,TEXAS,21,CHIP ROY,JOSEPH KOPSER,REPUBLICAN,DEMOCRAT,177654,168421.0,CHIP ROY,REPUBLICAN,CHIP ROY,JOSEPH KOPSER,REP,DEM,32.9,26.8
2018,TEXAS,23,WILL HURD,GINA ORTIZ JONES,REPUBLICAN,DEMOCRAT,103285,102359.0,WILL HURD,REPUBLICAN,WILL HURD,WILL HURD,REP,REP,51.0,48.2
2018,TEXAS,31,JOHN CARTER,"MARY JENNINGS ""MJ"" HEGAR",REPUBLICAN,DEMOCRAT,144680,136362.0,JOHN CARTER,REPUBLICAN,JOHN CARTER,MARY JENNINGS HEGAR,REP,DEM,46.0,40.0
2018,TEXAS,32,COLIN ALLRED,PETE SESSIONS,DEMOCRAT,REPUBLICAN,144067,126101.0,COLIN ALLRED,DEMOCRAT,PETER SESSIONS,COLIN ALLRED,REP,DEM,47.0,45.0
2018,UTAH,1,ROB BISHOP,LEE CASTILLO,REPUBLICAN,DEMOCRAT,156692,63308.0,ROB BISHOP,REPUBLICAN,ROB BISHOP,LEE CASTILLO,REP,DEM,59.0,22.0
2018,UTAH,2,CHRIS STEWART,SHIREEN GHORBANI,REPUBLICAN,DEMOCRAT,151489,105051.0,CHRIS STEWART,REPUBLICAN,CHRIS STEWART,SHIREEN GHORBANI,REP,DEM,48.0,24.0
2018,UTAH,3,JOHN CURTIS,JAMES COURAGE SINGER,REPUBLICAN,DEMOCRAT,174856,70686.0,JOHN CURTIS,REPUBLICAN,JOHN CURTIS,JAMES SINGER,REP,DEM,65.0,19.0
2018,UTAH,4,BEN MCADAMS,MIA B LOVE,DEMOCRAT,REPUBLICAN,134964,134270.0,BEN MCADAMS,DEMOCRAT,MIA B. LOVE,BEN MCADAMS,REP,DEM,47.0,43.0
2018,VIRGINIA,2,ELAINE G LURIA,SCOTT W TAYLOR,DEMOCRAT,REPUBLICAN,139571,133458.0,ELAINE G LURIA,DEMOCRAT,SCOTT W. TAYLOR,ELAINE G. LURIA,REP,DEM,48.0,42.0
2018,VIRGINIA,5,DENVER L RIGGLEMAN III,LESLIE C COCKBURN,REPUBLICAN,DEMOCRAT,165339,145040.0,DENVER L RIGGLEMAN III,REPUBLICAN,LESLIE COCKBURN,DENVER RIGGLEMAN,DEM,REP,45.62,44.59
2018,VIRGINIA,7,ABIGAIL A SPANBERGER,DAVE A BRAT,DEMOCRAT,REPUBLICAN,176079,169295.0,ABIGAIL A SPANBERGER,DEMOCRAT,DAVID BRAT,DAVID BRAT,REP,REP,47.22,45.71
2018,VIRGINIA,9,H MORGAN GRIFFITH,ANTHONY J FLACCAVENTO,REPUBLICAN,DEMOCRAT,160933,85833.0,H MORGAN GRIFFITH,REPUBLICAN,H. MORGAN GRIFFITH,ANTHONY FLACCAVENTO,REP,DEM,48.0,41.0
2018,VIRGINIA,10,JENNIFER T WEXTON,BARBARA J COMSTOCK,DEMOCRAT,REPUBLICAN,206356,160841.0,JENNIFER T WEXTON,DEMOCRAT,JENNIFER T. WEXTON,JENNIFER T. WEXTON,DEM,DEM,51.0,51.0
2018,WASHINGTON,3,JAIME HERRERA BEUTLER,CAROLYN LONG,REPUBLICAN,DEMOCRAT,161819,145407.0,JAIME HERRERA BEUTLER,REPUBLICAN,JAIME HERRERA BEUTLER,CAROLYN LONG,REP,DEM,42.0,37.0
2018,WASHINGTON,5,CATHY MCMORRIS RODGERS,LISA BROWN,REPUBLICAN,DEMOCRAT,175422,144925.0,CATHY MCMORRIS RODGERS,REPUBLICAN,CATHY MCMORRIS RODGERS,LISA BROWN,REP,DEM,47.0,43.0
2018,WASHINGTON,8,KIM SCHRIER,DINO ROSSI,DEMOCRAT,REPUBLICAN,164089,148968.0,KIM SCHRIER,DEMOCRAT,DINO ROSSI,KIM SCHRIER,REP,DEM,51.0,45.0
2018,WEST VIRGINIA,1,DAVID B MCKINLEY,KENDRA FERSHEE,REPUBLICAN,DEMOCRAT,127997,70217.0,DAVID B MCKINLEY,REPUBLICAN,DAVID B. MCKINLEY,DAVID B. MCKINLEY,REP,REP,72.0,72.0
2018,WEST VIRGINIA,2,ALEX X MOONEY,TALLEY SERGENT,REPUBLICAN,DEMOCRAT,110504,88011.0,ALEX X MOONEY,REPUBLICAN,ALEXANDER X. MOONEY,ALEXANDER X. MOONEY,REP,REP,52.0,52.0
2018,WEST VIRGINIA,3,CAROL MILLER,RICHARD OJEDA II,REPUBLICAN,DEMOCRAT,98645,76340.0,CAROL MILLER,REPUBLICAN,RICHARD NEECE OJEDA,RICHARD NEECE OJEDA,DEM,DEM,48.0,47.0
2018,WISCONSIN,1,BRYAN STEIL,RANDY BRYCE,REPUBLICAN,DEMOCRAT,177492,137508.0,BRYAN STEIL,REPUBLICAN,RANDY BRYCE,BRYAN STEIL,DEM,REP,41.0,40.0
2018,WISCONSIN,6,GLENN GROTHMAN,DAN KOHL,REPUBLICAN,DEMOCRAT,180311,144536.0,GLENN GROTHMAN,REPUBLICAN,GLENN GROTHMAN,DAN KOHL,REP,DEM,50.0,48.0
2020,ARIZONA,6,DAVID SCHWEIKERT,HIRAL TIPIRNENI,REPUBLICAN,DEMOCRAT,217783,199644.0,DAVID SCHWEIKERT,REPUBLICAN,DAVID SCHWEIKERT,HIRAL TIPIRNENI,REP,DEM,46.0,43.0
2020,ARKANSAS,2,J FRENCH HILL,JOYCE ELLIOTT,REPUBLICAN,DEMOCRAT,184093,148410.0,J FRENCH HILL,REPUBLICAN,FRENCH HILL,JOYCE ANN ELLIOTT,REP,DEM,47.5,46.0
2020,CALIFORNIA,1,DOUG LAMALFA,AUDREY DENNEY,REPUBLICAN,DEMOCRAT,204190,154073.0,DOUG LAMALFA,REPUBLICAN,DOUG LAMALFA,AUDREY DENNEY,REP,DEM,46.0,41.0
2020,CALIFORNIA,4,TOM MCCLINTOCK,BRYNNE S KENNEDY,REPUBLICAN,DEMOCRAT,247291,194731.0,TOM MCCLINTOCK,REPUBLICAN,TOM MCCLINTOCK,BRYNNE S. KENNEDY,REP,DEM,45.0,42.0
2020,CALIFORNIA,8,JAY OBERNOLTE,CHRISTINE BUBSER,REPUBLICAN,DEMOCRAT,158711,124400.0,JAY OBERNOLTE,REPUBLICAN,JAY OBERNOLTE,CHRISTINE BUBSER,REP,DEM,48.0,38.0
2020,CALIFORNIA,21,DAVID G VALADAO,TJ COX,REPUBLICAN,DEMOCRAT,85928,84406.0,DAVID G VALADAO,REPUBLICAN,DAVID G. VALADAO,TJ COX,REP,DEM,52.0,36.0
2020,CALIFORNIA,22,DEVIN NUNES,PHIL ARBALLO,REPUBLICAN,DEMOCRAT,170888,144251.0,DEVIN NUNES,REPUBLICAN,DEVIN NUNES,PHIL ARBALLO,REP,DEM,51.0,46.0
2020,CALIFORNIA,25,MIKE GARCIA,CHRISTY SMITH,REPUBLICAN,DEMOCRAT,169638,169305.0,MIKE GARCIA,REPUBLICAN,CHRISTY SMITH,MIKE GARCIA,DEM,REP,48.0,46.0
2020,CALIFORNIA,39,YOUNG KIM,GILBERT RAY CISNEROS JR,REPUBLICAN,DEMOCRAT,173946,169837.0,YOUNG KIM,REPUBLICAN,YOUNG KIM,GIL CISNEROS,REP,DEM,46.0,44.0
2020,CALIFORNIA,48,MICHELLE STEEL,HARLEY ROUDA,REPUBLICAN,DEMOCRAT,201738,193362.0,MICHELLE STEEL,REPUBLICAN,HARLEY ROUDA,MICHELLE STEEL,DEM,REP,42.0,42.0
2020,CALIFORNIA,49,MIKE LEVIN,BRIAN MARYOTT,DEMOCRAT,REPUBLICAN,205349,181157.0,MIKE LEVIN,DEMOCRAT,MIKE LEVIN,BRIAN MARYOTT,DEM,REP,49.0,37.0
2020,CALIFORNIA,50,DARRELL ISSA,AMMAR CAMPA-NAJJAR,REPUBLICAN,DEMOCRAT,195521,166869.0,DARRELL ISSA,REPUBLICAN,DARRELL E. ISSA,CARL DEMAIO,REP,REP,36.0,29.0
2020,CALIFORNIA,53,SARA JACOBS,GEORGETTE GOMEZ,DEMOCRAT,DEMOCRAT,199244,135614.0,SARA JACOBS,DEMOCRAT,SARA JACOBS,GEORGETTE GÓMEZ,DEM,DEM,32.0,17.0
2020,COLORADO,3,LAUREN BOEBERT,DIANE E MITSCH BUSH,REPUBLICAN,DEMOCRAT,220634,194122.0,LAUREN BOEBERT,REPUBLICAN,DIANE MITSCH BUSH,LAUREN BOEBERT,DEM,REP,43.0,42.0
2020,FLORIDA,4,JOHN H RUTHERFORD,DONNA DEEGAN,REPUBLICAN,DEMOCRAT,308497,196423.0,JOHN H RUTHERFORD,REPUBLICAN,JOHN H. RUTHERFORD,DONNA DEEGAN,REP,DEM,61.4,34.8
2020,FLORIDA,7,STEPHANIE N MURPHY,LEO VALENTIN,DEMOCRAT,REPUBLICAN,224946,175750.0,STEPHANIE N MURPHY,DEMOCRAT,STEPHANIE MURPHY,JOEL GREENBERG,DEM,REP,42.6,42.5
2020,FLORIDA,13,CHARLIE CRIST,ANNA PAULINA LUNA,DEMOCRAT,REPUBLICAN,215405,190713.0,CHARLIE CRIST,DEMOCRAT,CHARLIE CRIST,RICK BAKER,DEM,REP,42.0,35.3
2020,FLORIDA,15,SCOTT FRANKLIN,ALAN COHN,REPUBLICAN,DEMOCRAT,216374,174297.0,SCOTT FRANKLIN,REPUBLICAN,SCOTT FRANKLIN,ALAN M. COHN,REP,DEM,49.0,42.0
2020,FLORIDA,16,VERN BUCHANAN,MARGARET GOOD,REPUBLICAN,DEMOCRAT,269001,215683.0,VERN BUCHANAN,REPUBLICAN,VERN BUCHANAN,MARGARET GOOD,REP,DEM,53.0,33.0
2020,FLORIDA,18,BRIAN J MAST,PAM KEITH,REPUBLICAN,DEMOCRAT,253286,186674.0,BRIAN J MAST,REPUBLICAN,BRIAN MAST,PAMELA MICHELE KEITH,REP,DEM,50.0,42.0
2020,FLORIDA,21,LOIS FRANKEL,LAURA LOOMER,DEMOCRAT,REPUBLICAN,237925,157612.0,LOIS FRANKEL,DEMOCRAT,LOIS FRANKEL,LAURA LOOMER,DEM,REP,61.0,33.0
2020,FLORIDA,26,CARLOS GIMENEZ,DEBBIE MUCARSEL-POWELL,REPUBLICAN,DEMOCRAT,177223,165407.0,CARLOS GIMENEZ,REPUBLICAN,CARLOS CURBELO,DEBBIE MUCARSEL-POWELL,REP,DEM,45.0,45.0
2020,FLORIDA,27,MARIA ELVIRA SALAZAR,DONNA E SHALALA,REPUBLICAN,DEMOCRAT,176141,166758.0,MARIA ELVIRA SALAZAR,REPUBLICAN,MARIA ELVIRA SALAZAR,DONNA E. SHALALA,REP,DEM,45.5,42.8
2020,GEORGIA,6,LUCY MCBATH,KAREN HANDEL,DEMOCRAT,REPUBLICAN,216775,180329.0,LUCY MCBATH,DEMOCRAT,KAREN HANDEL,LUCY MCBATH,REP,DEM,46.0,42.0
2020,GEORGIA,7,CAROLYN BOURDEAUX,RICH MCCORMICK,DEMOCRAT,REPUBLICAN,190900,180564.0,CAROLYN BOURDEAUX,DEMOCRAT,CAROLYN BOURDEAUX,RICH MCCORMICK,DEM,REP,42.0,39.0
2020,ILLINOIS,3,MARIE NEWMAN,MIKE FRICILONE,DEMOCRAT,REPUBLICAN,172997,133851.0,MARIE NEWMAN,DEMOCRAT,MARIE NEWMAN,MIKE FRICILONE,DEM,REP,46.1,43.9
2020,ILLINOIS,6,SEAN CASTEN,JEANNE IVES,DEMOCRAT,REPUBLICAN,213777,183891.0,SEAN CASTEN,DEMOCRAT,JEANNE M. IVES,SEAN CASTEN,REP,DEM,47.0,37.5
2020,ILLINOIS,13,RODNEY DAVIS,BETSY DIRKSEN LONDRIGAN,REPUBLICAN,DEMOCRAT,181373,151648.0,RODNEY DAVIS,REPUBLICAN,BETSY DIRKSEN LONDRIGAN,RODNEY DAVIS,DEM,REP,43.0,41.0
2020,ILLINOIS,14,LAUREN UNDERWOOD,JIM OBERWEIS,DEMOCRAT,REPUBLICAN,203209,197835.0,LAUREN UNDERWOOD,DEMOCRAT,LAUREN UNDERWOOD,JAMES D. OBERWEIS,DEM,REP,47.0,38.0
2020,ILLINOIS,17,CHERI BUSTOS,ESTHER JOY KING,DEMOCRAT,REPUBLICAN,156011,143863.0,CHERI BUSTOS,DEMOCRAT,CHERI BUSTOS,ESTHER JOY KING,DEM,REP,49.0,44.0
2020,INDIANA,5,VICTORIA SPARTZ,CHRISTINA HALE,REPUBLICAN,DEMOCRAT,208212,191226.0,VICTORIA SPARTZ,REPUBLICAN,CHRISTINA HALE,VICTORIA SPARTZ,DEM,REP,51.0,45.0
2020,IOWA,1,ASHLEY HINSON,ABBY FINKENAUER,REPUBLICAN,DEMOCRAT,212088,201347.0,ASHLEY HINSON,REPUBLICAN,ABBY FINKENAUER,ASHLEY HINSON,DEM,REP,44.0,40.0
2020,IOWA,2,MARIANNETTE MILLER-MEEKS,RITA R HART,REPUBLICAN,DEMOCRAT,196964,196958.0,MARIANNETTE MILLER-MEEKS,REPUBLICAN,RITA R. HART,MARIANNETTE MILLER-MEEKS,DEM,REP,41.0,41.0
2020,IOWA,3,CYNTHIA AXNE,DAVID YOUNG,DEMOCRAT,REPUBLICAN,219205,212997.0,CYNTHIA AXNE,DEMOCRAT,DAVID YOUNG,CINDY AXNE,REP,DEM,44.0,43.0
2020,IOWA,4,RANDY FEENSTRA,J D SCHOLTEN,REPUBLICAN,DEMOCRAT,237369,144761.0,RANDY FEENSTRA,REPUBLICAN,J.D. SCHOLTEN,STEVE KING,DEM,REP,44.0,39.0
2020,KANSAS,1,TRACEY MANN,KALI BARNETT,REPUBLICAN,DEMOCRAT,208229,84393.0,TRACEY MANN,REPUBLICAN,TRACEY MANN,KALI BARNETT,REP,DEM,56.0,25.0
2020,KANSAS,2,JAKE LATURNER,MICHELLE DE LA ISLA,REPUBLICAN,DEMOCRAT,185464,136650.0,JAKE LATURNER,REPUBLICAN,JAKE LATURNER,MICHELLE DE LA ISLA,REP,DEM,42.4,41.4
2020,KANSAS,3,SHARICE DAVIDS,AMANDA L ADKINS,DEMOCRAT,REPUBLICAN,220049,178773.0,SHARICE DAVIDS,DEMOCRAT,SHARICE DAVIDS,AMANDA L. ADKINS,DEM,REP,56.0,36.0
2020,KANSAS,4,RON ESTES,LAURA LOMBARD,REPUBLICAN,DEMOCRAT,203432,116166.0,RON ESTES,REPUBLICAN,RON ESTES,LAURA LOMBARD,REP,DEM,51.0,37.0
2020,KENTUCKY,6,ANDY BARR,JOSH HICKS,REPUBLICAN,DEMOCRAT,216948,155011.0,ANDY BARR,REPUBLICAN,JOSHUA D. HICKS,ANDY BARR,DEM,REP,50.0,48.0
2020,MAINE,1,CHELLIE PINGREE,JAY T ALLEN,DEMOCRAT,REPUBLICAN,271004,165008.0,CHELLIE PINGREE,DEMOCRAT,CHELLIE PINGREE,CHELLIE PINGREE,DEM,DEM,50.0,48.0
2020,MAINE,2,JARED F GOLDEN,DALE JOHN CRAFTS,DEMOCRAT,REPUBLICAN,197974,175228.0,JARED F GOLDEN,DEMOCRAT,JARED FORREST GOLDEN,DALE JOHN CRAFTS,DEM,REP,45.0,33.0
2020,MICHIGAN,2,BILL HUIZENGA,BRYAN BERGHOEF,REPUBLICAN,DEMOCRAT,238711,154122.0,BILL HUIZENGA,REPUBLICAN,BILL HUIZENGA,BRYAN BERGHOEF,REP,DEM,48.5,31.5
2020,MICHIGAN,3,PETER MEIJER,HILLARY SCHOLTEN,REPUBLICAN,DEMOCRAT,213649,189769.0,PETER MEIJER,REPUBLICAN,HILLARY SCHOLTEN,HILLARY SCHOLTEN,DEM,DEM,40.0,40.0
2020,MICHIGAN,6,FRED UPTON,JON HOADLEY,REPUBLICAN,DEMOCRAT,211496,152085.0,FRED UPTON,REPUBLICAN,JON HOADLEY,FRED UPTON,DEM,REP,38.0,37.0
2020,MINNESOTA,1,JIM HAGEDORN,DAN FEEHAN,REPUBLICAN,OTHER,179234,167890.0,JIM HAGEDORN,REPUBLICAN,DAN FEEHAN,JIM HAGEDORN,DEM,REP,43.0,42.0
2020,MINNESOTA,2,ANGIE CRAIG,TYLER KISTNER,DEMOCRAT,REPUBLICAN,204534,194954.0,ANGIE CRAIG,DEMOCRAT,ANGIE CRAIG,TYLER KISTNER,DEM,REP,45.0,36.0
2020,MINNESOTA,7,MICHELLE FISCHBACH,COLLIN C PETERSON,REPUBLICAN,DEMOCRAT,194066,144840.0,MICHELLE FISCHBACH,REPUBLICAN,MICHELLE FISCHBACH,COLLIN PETERSON,REP,DEM,52.0,42.0
2020,MISSOURI,2,ANN WAGNER,JILL SCHUPP,REPUBLICAN,DEMOCRAT,233157,204540.0,ANN WAGNER,REPUBLICAN,ANN WAGNER,JILL SCHUPP,REP,DEM,50.0,40.0
2020,NEBRASKA,2,DON BACON,KARA EASTMAN,REPUBLICAN,DEMOCRAT,171071,155706.0,DON BACON,REPUBLICAN,DON BACON,KARA EASTMAN,REP,DEM,50.0,49.0
2020,NEW HAMPSHIRE,1,CHRIS PAPPAS,MATT MOWERS,DEMOCRAT,REPUBLICAN,205606,185159.0,CHRIS PAPPAS,DEMOCRAT,CHRIS PAPPAS,CHRIS PAPPAS,DEM,DEM,52.0,52.0
2020,NEW HAMPSHIRE,2,ANN M KUSTER,STEVEN NEGRON,DEMOCRAT,REPUBLICAN,208289,168886.0,ANN M KUSTER,DEMOCRAT,ANN MCLANE KUSTER,ANN MCLANE KUSTER,DEM,DEM,52.0,52.0
2020,NEW JERSEY,2,JEFFERSON VAN DREW,AMY KENNEDY,REPUBLICAN,DEMOCRAT,195526,173849.0,JEFFERSON VAN DREW,REPUBLICAN,JEFF VAN DREW,AMY KENNEDY,REP,DEM,47.0,44.0
2020,NEW JERSEY,3,ANDY KIM,DAVID RICHTER,DEMOCRAT,REPUBLICAN,229840,196327.0,ANDY KIM,DEMOCRAT,ANDY KIM,DAVID RICHTER,DEM,REP,45.0,42.0
2020,NEW JERSEY,7,TOM MALINOWSKI,THOMAS H KEAN JR,DEMOCRAT,REPUBLICAN,219629,214318.0,TOM MALINOWSKI,DEMOCRAT,THOMAS H. KEAN JR.,TOM MALINOWSKI,REP,DEM,44.0,42.0
2020,NEW MEXICO,1,DEBRA A HAALAND,MICHELLE GARCIA HOLMES,DEMOCRAT,REPUBLICAN,186953,134337.0,DEBRA A HAALAND,DEMOCRAT,DEBRA A. HAALAND,MICHELLE GARCIA HOLMES,DEM,REP,58.0,31.0
2020,NEW MEXICO,2,YVETTE HERRELL,XOCHITL TORRES SMALL,REPUBLICAN,DEMOCRAT,142283,122546.0,YVETTE HERRELL,REPUBLICAN,YVETTE HERRELL,XOCHITL TORRES SMALL,REP,DEM,51.0,38.0
2020,NEW MEXICO,3,TERESA LEGER FERNANDEZ,ALEXIS M JOHNSON,DEMOCRAT,REPUBLICAN,186282,131166.0,TERESA LEGER FERNANDEZ,DEMOCRAT,TERESA LEGER FERNANDEZ,ALEXIS MARTINEZ JOHNSON,DEM,REP,50.0,35.0
2020,NEW YORK,1,LEE M ZELDIN,NANCY S GOROFF,REPUBLICAN,DEMOCRAT,180855,160978.0,LEE M ZELDIN,REPUBLICAN,LEE M. ZELDIN,NANCY GOROFF,REP,DEM,47.0,40.0
2020,NEW YORK,3,THOMAS R SUOZZI,GEORGE AD SANTOS,DEMOCRAT,REPUBLICAN,196056,147461.0,THOMAS R SUOZZI,DEMOCRAT,THOMAS R. SUOZZI,GEORGE A.D. SANTOS,DEM,REP,50.0,39.0
2020,NEW YORK,11,NICOLE MALLIOTAKIS,MAX N ROSE,REPUBLICAN,DEMOCRAT,143420,134625.0,NICOLE MALLIOTAKIS,REPUBLICAN,NICOLE MALLIOTAKIS,MAX N. ROSE,REP,DEM,48.0,47.0
2020,NEW YORK,18,SEAN PATRICK MALONEY,CHELE C FARLEY,DEMOCRAT,REPUBLICAN,171161,128611.0,SEAN PATRICK MALONEY,DEMOCRAT,SEAN PATRICK MALONEY,CHELE FARLEY,DEM,REP,53.0,35.0
2020,NEW YORK,22,CLAUDIA TENNEY,ANTHONY J BRINDISI,REPUBLICAN,DEMOCRAT,143291,138898.0,CLAUDIA TENNEY,REPUBLICAN,ANTHONY J. BRINDISI,CLAUDIA TENNEY,DEM,REP,48.0,39.0
2020,NEW YORK,23,TOM REED,TRACY MITRANO,REPUBLICAN,DEMOCRAT,161800,116025.0,TOM REED,REPUBLICAN,THOMAS REED,TRACY MITRANO,REP,DEM,50.0,38.0
2020,NEW YORK,24,JOHN M KATKO,DANA BALTER,REPUBLICAN,DEMOCRAT,156236,147877.0,JOHN M KATKO,REPUBLICAN,DANA BALTER,JOHN KATKO,DEM,REP,47.0,47.0
2020,NORTH CAROLINA,8,RICHARD HUDSON,PATRICIA TIMMONS-GOODSON,REPUBLICAN,DEMOCRAT,202774,177781.0,RICHARD HUDSON,REPUBLICAN,RICHARD HUDSON,PATRICIA TIMMONS-GOODSON,REP,DEM,43.0,41.0
2020,NORTH CAROLINA,9,DAN BISHOP,CYNTHIA L WALLACE,REPUBLICAN,DEMOCRAT,224661,179463.0,DAN BISHOP,REPUBLICAN,CYNTHIA LEE WALLACE,DAN BISHOP,DEM,REP,33.53,29.78
2020,NORTH CAROLINA,11,MADISON CAWTHORN,MOE DAVIS,REPUBLICAN,DEMOCRAT,245351,190609.0,MADISON CAWTHORN,REPUBLICAN,DAVID MADISON CAWTHORN,MORRIS DURHAM DAVIS,REP,DEM,46.0,41.0
2020,OHIO,1,STEVE CHABOT,KATE SCHRODER,REPUBLICAN,DEMOCRAT,199560,172022.0,STEVE CHABOT,REPUBLICAN,STEVE CHABOT,KATE SCHRODER,REP,DEM,50.0,43.0
2020,OHIO,10,MICHAEL R TURNER,DESIREE TIMS,REPUBLICAN,DEMOCRAT,212972,151976.0,MICHAEL R TURNER,REPUBLICAN,MIKE TURNER,DESIREE TIMS,REP,DEM,49.0,42.0
2020,OHIO,12,TROY BALDERSON,ALAINA SHEARER,REPUBLICAN,DEMOCRAT,241790,182847.0,TROY BALDERSON,REPUBLICAN,TROY BALDERSON,ALAINA SHEARER,REP,DEM,48.0,44.0
2020,OKLAHOMA,1,KEVIN HERN,KOJO ASAMOA-CAESAR,REPUBLICAN,DEMOCRAT,213700,109641.0,KEVIN HERN,REPUBLICAN,KEVIN HERN,KOJO ASAMOA-CAESAR,REP,DEM,58.8,29.8
2020,OKLAHOMA,5,STEPHANIE BICE,KENDRA S HORN,REPUBLICAN,DEMOCRAT,158191,145658.0,STEPHANIE BICE,REPUBLICAN,KENDRA HORN,STEPHANIE BICE,DEM,REP,51.0,46.0
2020,PENNSYLVANIA,1,BRIAN K FITZPATRICK,CHRISTINA FINELLO,REPUBLICAN,DEMOCRAT,249804,191875.0,BRIAN K FITZPATRICK,REPUBLICAN,BRIAN FITZPATRICK,DEBBIE WACHSPRESS,REP,DEM,50.0,36.0
2020,PENNSYLVANIA,7,SUSAN ELLIS WILD,LISA SCHELLER,DEMOCRAT,REPUBLICAN,195475,181407.0,SUSAN ELLIS WILD,DEMOCRAT,SUSAN WILD,LISA SCHELLER,DEM,REP,52.0,39.0
2020,PENNSYLVANIA,8,MATTHEW ALTON CARTWRIGHT,JAMES ROCCO BOGNET,DEMOCRAT,REPUBLICAN,178004,165783.0,MATTHEW ALTON CARTWRIGHT,DEMOCRAT,MATT CARTWRIGHT,JIM BOGNET,DEM,REP,48.0,43.0
2020,PENNSYLVANIA,10,SCOTT G PERRY,EUGENE A DEPASQUALE,REPUBLICAN,DEMOCRAT,208896,182938.0,SCOTT G PERRY,REPUBLICAN,SCOTT PERRY,EUGENE A. DEPASQUALE,REP,DEM,50.0,47.0
2020,PENNSYLVANIA,16,GEORGE J KELLY JR,KRISTY MARIE GNIBUS,REPUBLICAN,DEMOCRAT,210088,143962.0,GEORGE J KELLY JR,REPUBLICAN,MIKE KELLY,KRISTY MARIE GNIBUS,REP,DEM,48.0,40.0
2020,PENNSYLVANIA,17,CONOR J LAMB,RICHARD SEAN PARNELL,DEMOCRAT,REPUBLICAN,222253,212284.0,CONOR J LAMB,DEMOCRAT,CONOR LAMB,RICHARD SEAN PARNELL,DEM,REP,54.0,36.0
2020,SOUTH CAROLINA,1,NANCY MACE,JOE CUNNINGHAM,REPUBLICAN,DEMOCRAT,216042,210627.0,NANCY MACE,REPUBLICAN,NANCY MACE,KATHY LANDING,REP,REP,45.06,44.81
2020,TEXAS,3,VAN TAYLOR,LULU SEIKALY,REPUBLICAN,DEMOCRAT,230512,179458.0,VAN TAYLOR,REPUBLICAN,VAN TAYLOR,HELANE SEIKALY,REP,DEM,43.0,37.0
2020,TEXAS,6,RON WRIGHT,STEPHEN DANIEL,REPUBLICAN,DEMOCRAT,179507,149530.0,RON WRIGHT,REPUBLICAN,RON WRIGHT,STEPHEN DANIEL,REP,DEM,45.0,41.0
2020,TEXAS,7,LIZZIE FLETCHER,WESLEY HUNT,DEMOCRAT,REPUBLICAN,159529,149054.0,LIZZIE FLETCHER,DEMOCRAT,WESLEY P. HUNT,LIZZIE FLETCHER,REP,DEM,45.0,43.0
2020,TEXAS,10,MICHAEL T MCCAUL,MIKE SIEGEL,REPUBLICAN,DEMOCRAT,217216,187686.0,MICHAEL T MCCAUL,REPUBLICAN,MICHAEL T. MCCAUL,SHANNON HUTCHESON,REP,DEM,50.0,41.0
2020,TEXAS,17,PETE SESSIONS,RICK KENNEDY,REPUBLICAN,DEMOCRAT,171390,125565.0,PETE SESSIONS,REPUBLICAN,PETER SESSIONS,RICK KENNEDY,REP,DEM,45.0,42.0
2020,TEXAS,21,CHIP ROY,WENDY R DAVIS,REPUBLICAN,DEMOCRAT,235740,205780.0,CHIP ROY,REPUBLICAN,CHIP ROY,WENDY R. DAVIS,REP,DEM,46.0,45.0
2020,TEXAS,22,TROY NEHLS,SRI PRESTON KULKARNI,REPUBLICAN,DEMOCRAT,210259,181998.0,TROY NEHLS,REPUBLICAN,TROY E. NEHLS,SRI KULKARNI,REP,DEM,44.0,32.0
2020,TEXAS,23,TONY GONZALES,GINA ORTIZ JONES,REPUBLICAN,DEMOCRAT,149395,137693.0,TONY GONZALES,REPUBLICAN,GINA ORTIZ JONES,TONY GONZALES,DEM,REP,45.0,43.0
2020,TEXAS,24,BETH VAN DUYNE,CANDACE VALENZUELA,REPUBLICAN,DEMOCRAT,167910,163326.0,BETH VAN DUYNE,REPUBLICAN,CANDACE VALENZUELA,BETH VAN DUYNE,DEM,REP,45.0,39.0
2020,TEXAS,25,ROGER WILLIAMS,JULIE OLIVER,REPUBLICAN,DEMOCRAT,220088,165697.0,ROGER WILLIAMS,REPUBLICAN,ROGER WILLIAMS,JULIE OLIVER,REP,DEM,45.0,43.0
2020,TEXAS,31,JOHN R CARTER,DONNA IMAM,REPUBLICAN,DEMOCRAT,212695,176293.0,JOHN R CARTER,REPUBLICAN,JOHN CARTER,DONNA IMAM,REP,DEM,43.0,37.0
2020,UTAH,1,BLAKE DAVID MOORE,DARREN PARRY,REPUBLICAN,DEMOCRAT,237988,104194.0,BLAKE DAVID MOORE,REPUBLICAN,BLAKE D. MOORE,DARREN PARRY,REP,DEM,48.6,22.4
2020,UTAH,2,CHRIS STEWART,KAEL WESTON,REPUBLICAN,DEMOCRAT,208997,129762.0,CHRIS STEWART,REPUBLICAN,CHRIS STEWART,KAEL WESTON,REP,DEM,47.8,28.4
2020,UTAH,3,JOHN R CURTIS,DEVIN D THORPE,REPUBLICAN,DEMOCRAT,246674,96067.0,JOHN R CURTIS,REPUBLICAN,JOHN CURTIS,DEVIN D. THORPE,REP,DEM,50.6,20.4
2020,UTAH,4,BURGESS OWENS,BEN MCADAMS,REPUBLICAN,DEMOCRAT,179688,175923.0,BURGESS OWENS,REPUBLICAN,BEN MCADAMS,JAYMAC MCFARLAND,DEM,REP,45.0,40.0
2020,VIRGINIA,2,ELAINE G LURIA,SCOTT W TAYLOR,DEMOCRAT,REPUBLICAN,185733,165031.0,ELAINE G LURIA,DEMOCRAT,ELAINE G. LURIA,SCOTT W. TAYLOR,DEM,REP,48.0,48.0
2020,VIRGINIA,5,"ROBERT G ""BOB"" GOOD",B CAMERON WEBB,REPUBLICAN,DEMOCRAT,210988,190315.0,"ROBERT G ""BOB"" GOOD",REPUBLICAN,"ROBERT G. ""BOB"" GOOD",BRYANT CAMERON WEBB,REP,DEM,43.0,41.0
2020,VIRGINIA,7,ABIGAIL DAVIS SPANBERGER,NICK J FREITAS,DEMOCRAT,REPUBLICAN,230893,222623.0,ABIGAIL DAVIS SPANBERGER,DEMOCRAT,ABIGAIL A. SPANBERGER,NICHOLAS J. FREITAS,DEM,REP,51.6,41.4
2020,VIRGINIA,10,JENNIFER WEXTON,ALISCIA N ANDREWS,DEMOCRAT,REPUBLICAN,268734,206253.0,JENNIFER WEXTON,DEMOCRAT,JENNIFER T. WEXTON,ALISCIA ANDREWS,DEM,REP,58.0,36.0
2020,WASHINGTON,3,JAIME HERRERA BEUTLER,CAROLYN LONG,REPUBLICAN,DEMOCRAT,235579,181347.0,JAIME HERRERA BEUTLER,REPUBLICAN,JAIME HERRERA BEUTLER,CAROLYN LONG,REP,DEM,44.0,40.0
2020,WASHINGTON,10,MARILYN STRICKLAND,BETH DOGLIO,DEMOCRAT,DEMOCRAT,167937,121040.0,MARILYN STRICKLAND,DEMOCRAT,MARILYN STRICKLAND,BETH DOGLIO,DEM,DEM,43.0,22.0
2020,WISCONSIN,1,BRYAN STEIL,ROGER POLACK,REPUBLICAN,DEMOCRAT,238271,163170.0,BRYAN STEIL,REPUBLICAN,BRYAN STEIL,ROGER POLACK,REP,DEM,49.0,39.0
2020,WISCONSIN,3,RON KIND,DERRICK VAN ORDEN,DEMOCRAT,REPUBLICAN,199870,189524.0,RON KIND,DEMOCRAT,PATRICK TESTIN,RON KIND,REP,DEM,45.0,43.0
2022,ARIZONA,1,DAVID SCHWEIKERT,JEVIN HODGE,REPUBLICAN,DEMOCRAT,182336,179141.0,DAVID SCHWEIKERT,REPUBLICAN,JEVIN HODGE,DAVID SCHWEIKERT,DEM,REP,47.0,47.0
2022,ARIZONA,2,ELI CRANE,TOM O’HALLERAN,REPUBLICAN,DEMOCRAT,174169,149151.0,ELI CRANE,REPUBLICAN,ELI CRANE,TOM O'HALLERAN,REP,DEM,45.0,44.0
2022,ARIZONA,4,GREG STANTON,KELLY COOPER,DEMOCRAT,REPUBLICAN,148941,116521.0,GREG STANTON,DEMOCRAT,GREG STANTON,KELLY COOPER,DEM,REP,46.0,39.0
2022,ARIZONA,6,JUAN CISCOMANI,KIRSTEN ENGEL,REPUBLICAN,DEMOCRAT,177201,171969.0,JUAN CISCOMANI,REPUBLICAN,KIRSTEN ENGEL,JUAN CISCOMANI,DEM,REP,49.0,47.0
2022,CALIFORNIA,9,JOSH HARDER,TOM PATTI,DEMOCRAT,REPUBLICAN,95598,78802.0,JOSH HARDER,DEMOCRAT,JOSH HARDER,TOM PATTI,DEM,REP,38.0,38.0
2022,CALIFORNIA,13,JOHN DUARTE,ADAM GRAY,REPUBLICAN,DEMOCRAT,67060,66496.0,JOHN DUARTE,REPUBLICAN,ADAM GRAY,JOHN DUARTE,DEM,REP,47.0,43.0
2022,CALIFORNIA,21,JIM COSTA,MICHAEL MAHER,DEMOCRAT,REPUBLICAN,68074,57573.0,JIM COSTA,DEMOCRAT,JIM COSTA,MICHAEL MAHER,DEM,REP,44.2,43.8
2022,CALIFORNIA,22,DAVID G VALADAO,RUDY SALAS,REPUBLICAN,DEMOCRAT,52994,49862.0,DAVID G VALADAO,REPUBLICAN,RUDY SALAS,DAVID G. VALADAO,DEM,REP,43.0,35.0
2022,CALIFORNIA,26,JULIA BROWNLEY,MATT JACOBS,DEMOCRAT,REPUBLICAN,134575,112214.0,JULIA BROWNLEY,DEMOCRAT,JULIA BROWNLEY,MATT JACOBS,DEM,REP,47.8,43.0
2022,CALIFORNIA,27,MIKE GARCIA,CHRISTY SMITH,REPUBLICAN,DEMOCRAT,104624,91892.0,MIKE GARCIA,REPUBLICAN,MIKE GARCIA,MIKE GARCIA,REP,REP,47.0,47.0
2022,CALIFORNIA,40,YOUNG KIM,ASIF MAHMOOD,REPUBLICAN,DEMOCRAT,161589,122722.0,YOUNG KIM,REPUBLICAN,YOUNG KIM,ASIF MAHMOOD,REP,DEM,51.0,35.0
2022,CALIFORNIA,41,KEN CALVERT,WILL ROLLINS,REPUBLICAN,DEMOCRAT,123869,112769.0,KEN CALVERT,REPUBLICAN,WILL ROLLINS,KEN CALVERT,DEM,REP,42.0,41.0
2022,CALIFORNIA,49,MIKE LEVIN,BRIAN MARYOTT,DEMOCRAT,REPUBLICAN,153541,138194.0,MIKE LEVIN,DEMOCRAT,MIKE LEVIN,BRIAN MARYOTT,DEM,REP,49.0,43.0
2022,COLORADO,3,LAUREN BOEBERT,ADAM FRISCH,REPUBLICAN,DEMOCRAT,163839,163293.0,LAUREN BOEBERT,REPUBLICAN,LAUREN BOEBERT,ADAM FRISCH,REP,DEM,49.0,42.0
2022,COLORADO,7,BRITTANY PETTERSEN,ERIK AADLAND,DEMOCRAT,REPUBLICAN,204984,150510.0,BRITTANY PETTERSEN,DEMOCRAT,BRITTANY PETTERSEN,ERIK AADLAND,DEM,REP,44.0,42.0
2022,COLORADO,8,YADIRA CARAVEO,BARBARA KIRKMEYER,DEMOCRAT,REPUBLICAN,114377,112745.0,YADIRA CARAVEO,DEMOCRAT,BARBARA KIRKMEYER,YADIRA CARAVEO,REP,DEM,44.0,36.0
2022,CONNECTICUT,2,JOE COURTNEY,MIKE FRANCE,DEMOCRAT,REPUBLICAN,165946,114506.0,JOE COURTNEY,DEMOCRAT,JOE COURTNEY,JOE COURTNEY,DEM,DEM,55.0,51.0
2022,CONNECTICUT,4,JAMES A HIMES,JAYME STEVENSON,DEMOCRAT,REPUBLICAN,140262,93329.0,JAMES A HIMES,DEMOCRAT,JIM HIMES,JAYME STEVENSON,DEM,REP,53.0,37.0
2022,CONNECTICUT,5,JAHANA HAYES,GEORGE LOGAN,DEMOCRAT,REPUBLICAN,123818,123342.0,JAHANA HAYES,DEMOCRAT,JAHANA HAYES,GEORGE LOGAN,DEM,REP,46.0,41.0
2022,FLORIDA,1,MATT GAETZ,REBEKAH JONES,REPUBLICAN,DEMOCRAT,197349,93467.0,MATT GAETZ,REPUBLICAN,MATT GAETZ,REBEKAH D. JONES,REP,DEM,41.7,33.8
2022,FLORIDA,2,NEAL P DUNN,"AL LAWSON, JR",REPUBLICAN,DEMOCRAT,180236,121153.0,NEAL P DUNN,REPUBLICAN,NEAL DUNN,AL LAWSON,REP,DEM,43.0,40.0
2022,FLORIDA,4,AARON BEAN,LASHONDA “LJ” HOLLOWAY,REPUBLICAN,DEMOCRAT,165696,108402.0,AARON BEAN,REPUBLICAN,AARON BEAN,"LASHONDA ""L.J."" HOLLOWAY",REP,DEM,50.0,38.0
2022,FLORIDA,13,ANNA PAULINA LUNA,ERIC LYNN,REPUBLICAN,DEMOCRAT,181487,153876.0,ANNA PAULINA LUNA,REPUBLICAN,AMANDA MAKKI,ANNA PAULINA LUNA,REP,REP,46.0,45.0
2022,FLORIDA,15,LAUREL LEE,ALAN M COHN,REPUBLICAN,DEMOCRAT,145219,102835.0,LAUREL LEE,REPUBLICAN,LAUREL LEE,ALAN M. COHN,REP,DEM,47.0,44.0
2022,FLORIDA,27,MARIA ELVIRA SALAZAR,ANNETTE TADDEO,REPUBLICAN,DEMOCRAT,136038,101404.0,MARIA ELVIRA SALAZAR,REPUBLICAN,MARIA ELVIRA SALAZAR,KEN RUSSELL,REP,DEM,43.0,41.0
2022,FLORIDA,28,CARLOS A GIMENEZ,ROBERT ASENCIO,REPUBLICAN,DEMOCRAT,134457,76665.0,CARLOS A GIMENEZ,REPUBLICAN,CARLOS A. GIMENEZ,ROBERT ASENCIO,REP,DEM,50.0,40.0
2022,GEORGIA,2,"SANFORD D BISHOP, JR",CHRIS WEST,DEMOCRAT,REPUBLICAN,132675,108665.0,"SANFORD D BISHOP, JR",DEMOCRAT,SANFORD BISHOP,CHRIS WEST,DEM,REP,50.2,46.3
2022,ILLINOIS,8,RAJA KRISHNAMOORTHI,CHRIS DARGIS,DEMOCRAT,REPUBLICAN,117880,89335.0,RAJA KRISHNAMOORTHI,DEMOCRAT,RAJA KRISHNAMOORTHI,CHRIS DARGIS,DEM,REP,45.0,39.0
2022,ILLINOIS,10,BRADLEY SCOTT SCHNEIDER,JOSEPH SEVERINO,DEMOCRAT,REPUBLICAN,152566,89599.0,BRADLEY SCOTT SCHNEIDER,DEMOCRAT,BRAD SCHNEIDER,JOSEPH SEVERINO,DEM,REP,47.8,40.8
2022,ILLINOIS,13,NIKKI BUDZINSKI,REGAN DEERING,DEMOCRAT,REPUBLICAN,141788,108646.0,NIKKI BUDZINSKI,DEMOCRAT,NIKKI BUDZINSKI,REGAN DEERING,DEM,REP,39.0,36.0
2022,ILLINOIS,17,ERIC SORENSEN,ESTHER JOY KING,DEMOCRAT,REPUBLICAN,121186,111931.0,ERIC SORENSEN,DEMOCRAT,ERIC SORENSEN,ESTHER JOY KING,DEM,REP,47.0,38.0
2022,INDIANA,1,FRANK J MRVAN,JENNIFER-RUTH GREEN,DEMOCRAT,REPUBLICAN,112656,100542.0,FRANK J MRVAN,DEMOCRAT,FRANK J. MRVAN,JENNIFER-RUTH GREEN,DEM,REP,47.0,40.0
2022,IOWA,1,MARIANNETTE MILLER-MEEKS,CHRISTINA BOHANNAN,REPUBLICAN,DEMOCRAT,162947,142173.0,MARIANNETTE MILLER-MEEKS,REPUBLICAN,MARIANNETTE MILLER-MEEKS,CHRISTINA BOHANNAN,REP,DEM,43.0,42.0
2022,IOWA,2,ASHLEY HINSON,LIZ MATHIS,REPUBLICAN,DEMOCRAT,172181,145940.0,ASHLEY HINSON,REPUBLICAN,ASHLEY HINSON,LIZ MATHIS,REP,DEM,43.0,42.0
2022,IOWA,3,ZACH NUNN,CYNTHIA AXNE,REPUBLICAN,DEMOCRAT,156262,154117.0,ZACH NUNN,REPUBLICAN,CINDY AXNE,ZACH NUNN,DEM,REP,46.0,42.0
2022,KANSAS,2,JAKE LATURNER,PATRICK SCHMIDT,REPUBLICAN,DEMOCRAT,134506,98852.0,JAKE LATURNER,REPUBLICAN,JAKE LATURNER,PATRICK SCHMIDT,REP,DEM,45.0,42.0
2022,KANSAS,3,SHARICE DAVIDS,AMANDA L ADKINS,DEMOCRAT,REPUBLICAN,165527,128839.0,SHARICE DAVIDS,DEMOCRAT,AMANDA L. ADKINS,SHARICE DAVIDS,REP,DEM,46.0,45.0
2022,MAINE,1,CHELLIE PINGREE,EDWIN THELANDER,DEMOCRAT,REPUBLICAN,219753,129263.0,CHELLIE PINGREE,DEMOCRAT,CHELLIE PINGREE,EDWIN THELANDER,DEM,REP,51.3,31.0
2022,MAINE,2,EXHAUSTED BALLOT,JARED F GOLDEN,,DEMOCRAT,322778,165136.0,EXHAUSTED BALLOT,,JARED FORREST GOLDEN,BRUCE POLIQUIN,DEM,REP,45.3,36.4
2022,MARYLAND,1,ANDY HARRIS,HEATHER R MIZEUR,REPUBLICAN,DEMOCRAT,159673,126511.0,ANDY HARRIS,REPUBLICAN,ANDY HARRIS,ANDY HARRIS,REP,REP,45.1,43.7
2022,MARYLAND,2,C A DUTCH RUPPERSBERGER,NICOLEE AMBROSE,DEMOCRAT,REPUBLICAN,158998,109075.0,C A DUTCH RUPPERSBERGER,DEMOCRAT,C.A. DUTCH RUPPERSBERGER,NICOLEE AMBROSE,DEM,REP,43.0,34.0
2022,MARYLAND,6,DAVID J TRONE,NEIL C PARROTT,DEMOCRAT,REPUBLICAN,140295,115771.0,DAVID J TRONE,DEMOCRAT,DAVID J. TRONE,JASON C. BUCKEL,DEM,REP,44.5,40.0
2022,MICHIGAN,3,HILLARY SCHOLTEN,JOHN GIBBS,DEMOCRAT,REPUBLICAN,185989,142229.0,HILLARY SCHOLTEN,DEMOCRAT,HILLARY SCHOLTEN,HILLARY SCHOLTEN,DEM,DEM,44.0,39.0
2022,MICHIGAN,7,ELISSA SLOTKIN,TOM BARRETT,DEMOCRAT,REPUBLICAN,192809,172624.0,ELISSA SLOTKIN,DEMOCRAT,ELISSA SLOTKIN,TOM BARRETT,DEM,REP,40.0,34.0
2022,MICHIGAN,8,DANIEL T KILDEE,PAUL JUNGE,DEMOCRAT,REPUBLICAN,178322,143850.0,DANIEL T KILDEE,DEMOCRAT,DANIEL T. KILDEE,PAUL JUNGE,DEM,REP,43.0,40.0
2022,MICHIGAN,10,JOHN JAMES,CARL J MARLINGA,REPUBLICAN,DEMOCRAT,159202,157602.0,JOHN JAMES,REPUBLICAN,CARL J. MARLINGA,MICHAEL C. TAYLOR,DEM,DEM,52.0,46.0
2022,MINNESOTA,1,BRAD FINSTAD,JEFF ETTINGER,REPUBLICAN,OTHER,159621,125457.0,BRAD FINSTAD,REPUBLICAN,BRAD FINSTAD,JEFF ETTINGER,REP,DEM,48.0,47.0
2022,MINNESOTA,2,ANGIE CRAIG,TYLER KISTNER,DEMOCRAT,REPUBLICAN,165583,148576.0,ANGIE CRAIG,DEMOCRAT,ANGIE CRAIG,TYLER KISTNER,DEM,REP,42.9,38.2
2022,MINNESOTA,3,DEAN PHILLIPS,TOM WEILER,DEMOCRAT,REPUBLICAN,198883,134797.0,DEAN PHILLIPS,DEMOCRAT,DEAN PHILLIPS,TOM WEILER,DEM,REP,57.0,36.0
2022,MONTANA,1,RYAN K ZINKE,MONICA TRANEL,REPUBLICAN,DEMOCRAT,123102,115265.0,RYAN K ZINKE,REPUBLICAN,RYAN K. ZINKE,MONICA TRANEL,REP,DEM,45.0,43.0
2022,MONTANA,2,"MATTHEW M ROSENDALE, SR",GARY BUCHANAN,REPUBLICAN,INDEPENDENT,121979,47195.0,"MATTHEW M ROSENDALE, SR",REPUBLICAN,MATT ROSENDALE,GARY BUCHANAN,REP,IND,40.0,27.0
2022,NEBRASKA,2,DON BACON,TONY VARGAS,REPUBLICAN,DEMOCRAT,112663,106807.0,DON BACON,REPUBLICAN,TONY VARGAS,DON BACON,DEM,REP,40.0,39.0
2022,NEVADA,1,DINA TITUS,MARK ROBERTSON,DEMOCRAT,REPUBLICAN,115700,103115.0,DINA TITUS,DEMOCRAT,DINA TITUS,MARK ROBERTSON,DEM,REP,41.1,36.7
2022,NEVADA,2,MARK E AMODEI,ELIZABETH MERCEDES KRAUSE,REPUBLICAN,DEMOCRAT,185467,117371.0,MARK E AMODEI,REPUBLICAN,MARK E. AMODEI,ELIZABETH MERCEDES KRAUSE,REP,DEM,46.4,35.9
2022,NEVADA,3,SUSIE LEE,APRIL BECKER,DEMOCRAT,REPUBLICAN,131086,121083.0,SUSIE LEE,DEMOCRAT,APRIL BECKER,SUSIE LEE,REP,DEM,46.0,44.0
2022,NEVADA,4,STEVEN HORSFORD,SAM PETERS,DEMOCRAT,REPUBLICAN,116617,105870.0,STEVEN HORSFORD,DEMOCRAT,STEVEN HORSFORD,SAM PETERS,DEM,REP,41.7,38.7
2022,NEW HAMPSHIRE,1,CHRIS PAPPAS,KAROLINE LEAVITT,DEMOCRAT,REPUBLICAN,167391,142229.0,CHRIS PAPPAS,DEMOCRAT,CHRIS PAPPAS,KAROLINE LEAVITT,DEM,REP,47.1,42.4
2022,NEW HAMPSHIRE,2,ANN M KUSTER,ROBERT BURNS,DEMOCRAT,REPUBLICAN,171636,135579.0,ANN M KUSTER,DEMOCRAT,ANN MCLANE KUSTER,ROBERT BURNS,DEM,REP,53.7,36.0
2022,NEW JERSEY,1,DONALD NORCROSS,CLAIRE GUSTAFSON,DEMOCRAT,REPUBLICAN,139559,78794.0,DONALD NORCROSS,DEMOCRAT,DONALD NORCROSS,CLAIRE GUSTAFSON,DEM,REP,49.0,44.0
2022,NEW JERSEY,3,ANDY KIM,BOB HEALEY,DEMOCRAT,REPUBLICAN,150498,118415.0,ANDY KIM,DEMOCRAT,ANDY KIM,BOB HEALEY,DEM,REP,44.0,38.0
2022,NEW JERSEY,7,"THOMAS H KEAN, JR",TOM MALINOWSKI,REPUBLICAN,DEMOCRAT,159392,150701.0,"THOMAS H KEAN, JR",REPUBLICAN,TOM MALINOWSKI,THOMAS H. KEAN JR.,DEM,REP,46.0,46.0
2022,NEW JERSEY,11,MIKIE SHERRILL,PAUL DEGROOT,DEMOCRAT,REPUBLICAN,161436,109952.0,MIKIE SHERRILL,DEMOCRAT,MIKIE SHERRILL,MIKIE SHERRILL,DEM,DEM,51.34,51.0
2022,NEW MEXICO,1,MELANIE A STANSBURY,MICHELLE GARCIA HOLMES,DEMOCRAT,REPUBLICAN,156462,124151.0,MELANIE A STANSBURY,DEMOCRAT,MELANIE ANN STANSBURY,MICHELLE GARCIA HOLMES,DEM,REP,48.0,42.0
2022,NEW MEXICO,2,GABRIEL VASQUEZ,YVETTE HERRELL,DEMOCRAT,REPUBLICAN,96986,95636.0,GABRIEL VASQUEZ,DEMOCRAT,GABRIEL VASQUEZ,YVETTE HERRELL,DEM,REP,45.0,44.0
2022,NEW MEXICO,3,TERESA LEGER FERNANDEZ,ALEXIS MARTINEZ JOHNSON,DEMOCRAT,REPUBLICAN,134217,96565.0,TERESA LEGER FERNANDEZ,DEMOCRAT,TERESA LEGER FERNANDEZ,ALEXIS MARTINEZ JOHNSON,DEM,REP,53.0,35.0
2022,NEW YORK,2,ANDREW R GARBARINO,JACKIE GORDON,REPUBLICAN,DEMOCRAT,130798,93299.0,ANDREW R GARBARINO,REPUBLICAN,ANDREW R. GARBARINO,JACKIE GORDON,REP,DEM,49.0,48.0
2022,NEW YORK,3,GEORGE A D SANTOS,ROBERT P ZIMMERMAN,REPUBLICAN,DEMOCRAT,133859,120045.0,GEORGE A D SANTOS,REPUBLICAN,GEORGE A.D. SANTOS,JOSHUA ALEXANDER LAFAZAN,REP,DEM,44.0,33.0
2022,NEW YORK,4,LAURA A GILLEN,ANTHONY P D’ESPOSITO,DEMOCRAT,REPUBLICAN,130871,129353.0,LAURA A GILLEN,DEMOCRAT,ANTHONY P. D'ESPOSITO,LAURA A. GILLEN,REP,DEM,48.0,36.0
2022,NEW YORK,11,NICOLE MALLIOTAKIS,MAX N ROSE,REPUBLICAN,DEMOCRAT,107989,71801.0,NICOLE MALLIOTAKIS,REPUBLICAN,NICOLE MALLIOTAKIS,MAX N. ROSE,REP,DEM,51.0,36.0
2022,NEW YORK,17,SEAN PATRICK MALONEY,MICHAEL V LAWLER,DEMOCRAT,REPUBLICAN,133457,125738.0,SEAN PATRICK MALONEY,DEMOCRAT,MIKE LAWLER,MIKE LAWLER,REP,REP,47.0,46.0
2022,NEW YORK,18,PATRICK RYAN,COLIN J SCHMITT,DEMOCRAT,REPUBLICAN,123168,116972.0,PATRICK RYAN,DEMOCRAT,COLIN J. SCHMITT,SEAN PATRICK MALONEY,REP,DEM,38.0,37.0
2022,NEW YORK,19,MARCUS MOLINARO,JOSH RILEY,REPUBLICAN,DEMOCRAT,129960,124396.0,MARCUS MOLINARO,REPUBLICAN,MARCUS MOLINARO,PAT RYAN,REP,DEM,51.6,38.4
2022,NEW YORK,22,FRANCIS CONOLE,BRANDON M WILLIAMS,DEMOCRAT,REPUBLICAN,132913,116529.0,FRANCIS CONOLE,DEMOCRAT,BRANDON M. WILLIAMS,FRANCIS CONOLE,REP,DEM,43.0,40.0
2022,NEW YORK,25,JOSEPH D MORELLE,LA’RON D SINGLETARY,DEMOCRAT,REPUBLICAN,139875,108010.0,JOSEPH D MORELLE,DEMOCRAT,JOSEPH D. MORELLE,LA'RON D. SINGLETARY,DEM,REP,43.0,39.0
2022,NORTH CAROLINA,1,DON DAVIS,SANDY SMITH,DEMOCRAT,REPUBLICAN,134996,122780.0,DON DAVIS,DEMOCRAT,DON DAVIS,SANDY SMITH,DEM,REP,45.0,39.0
2022,NORTH CAROLINA,6,KATHY E MANNING,CHRISTIAN CASTELLI,DEMOCRAT,REPUBLICAN,139553,116635.0,KATHY E MANNING,DEMOCRAT,KATHY MANNING,CHRISTIAN CASTELLI,DEM,REP,48.0,39.0
2022,NORTH CAROLINA,11,CHUCK EDWARDS,JASMINE BEACH-FERRARA,REPUBLICAN,DEMOCRAT,174232,144165.0,CHUCK EDWARDS,REPUBLICAN,CHUCK EDWARDS,JASMINE BEACH-FERRARA,REP,DEM,46.0,40.0
2022,NORTH CAROLINA,13,WILEY NICKEL,BO HINES,DEMOCRAT,REPUBLICAN,143090,134256.0,WILEY NICKEL,DEMOCRAT,WILEY NICKEL,BO HINES,DEM,REP,45.0,43.0
2022,OHIO,1,GREG LANDSMAN,STEVE CHABOT,DEMOCRAT,REPUBLICAN,156416,140058.0,GREG LANDSMAN,DEMOCRAT,GREG LANDSMAN,STEVE CHABOT,DEM,REP,47.0,47.0
2022,OHIO,9,MARCY KAPTUR,J R MAJEWSKI,DEMOCRAT,REPUBLICAN,150655,115362.0,MARCY KAPTUR,DEMOCRAT,MARCY KAPTUR,J.R. MAJEWSKI,DEM,REP,47.0,41.8
2022,OHIO,13,EMILIA SYKES,MADISON GESIOTTO GILBERT,DEMOCRAT,REPUBLICAN,149816,134593.0,EMILIA SYKES,DEMOCRAT,MADISON GESIOTTO GILBERT,EMILIA SYKES,REP,DEM,46.0,37.0
2022,OREGON,4,VAL HOYLE,ALEK SKARLATOS,DEMOCRAT,REPUBLICAN,171372,146055.0,VAL HOYLE,DEMOCRAT,VAL HOYLE,ALEK SKARLATOS,DEM,REP,46.0,41.0
2022,OREGON,5,LORI CHAVEZ-DEREMER,JAMIE MCLEOD-SKINNER,REPUBLICAN,DEMOCRAT,178813,171514.0,LORI CHAVEZ-DEREMER,REPUBLICAN,LORI CHAVEZ-DEREMER,JAMIE MCLEOD-SKINNER,REP,DEM,42.0,41.0
2022,OREGON,6,ANDREA SALINAS,MIKE ERICKSON,DEMOCRAT,REPUBLICAN,147156,139946.0,ANDREA SALINAS,DEMOCRAT,MIKE ERICKSON,ANDREA SALINAS,REP,DEM,47.0,40.0
2022,PENNSYLVANIA,1,BRIAN K FITZPATRICK,ASHLEY EHASZ,REPUBLICAN,DEMOCRAT,201571,165809.0,BRIAN K FITZPATRICK,REPUBLICAN,BRIAN FITZPATRICK,ASHLEY EHASZ,REP,DEM,45.0,38.0
2022,PENNSYLVANIA,7,SUSAN WILD,LISA SCHELLER,DEMOCRAT,REPUBLICAN,151364,145527.0,SUSAN WILD,DEMOCRAT,LISA SCHELLER,SUSAN WILD,REP,DEM,47.0,43.0
2022,PENNSYLVANIA,8,MATT CARTWRIGHT,JIM BOGNET,DEMOCRAT,REPUBLICAN,146956,139930.0,MATT CARTWRIGHT,DEMOCRAT,JIM BOGNET,MATT CARTWRIGHT,REP,DEM,46.0,45.0
2022,PENNSYLVANIA,10,SCOTT PERRY,SHAMAINE DANIELS,REPUBLICAN,DEMOCRAT,169331,145215.0,SCOTT PERRY,REPUBLICAN,SHAMAINE DANIELS,SCOTT PERRY,DEM,REP,44.0,41.0
2022,PENNSYLVANIA,12,SUMMER LEE,MIKE DOYLE,DEMOCRAT,REPUBLICAN,184674,143946.0,SUMMER LEE,DEMOCRAT,SUMMER LEE,MIKE DOYLE,DEM,REP,54.0,40.0
2022,PENNSYLVANIA,17,CHRIS DELUZIO,JEREMY SHAFFER,DEMOCRAT,REPUBLICAN,193615,169013.0,CHRIS DELUZIO,DEMOCRAT,CHRIS DELUZIO,JEREMY SHAFFER,DEM,REP,44.0,41.0
2022,RHODE ISLAND,2,SETH M MAGAZINER,ALLAN W FUNG,DEMOCRAT,REPUBLICAN,101432,93969.0,SETH M MAGAZINER,DEMOCRAT,ALLAN W. FUNG,ALLAN W. FUNG,REP,REP,45.86,44.92
2022,TENNESSEE,5,ANDY OGLES,HEIDI CAMPBELL,REPUBLICAN,DEMOCRAT,123558,93648.0,ANDY OGLES,REPUBLICAN,HEIDI CAMPBELL,ANDY OGLES,DEM,REP,51.0,48.0
2022,TEXAS,15,MONICA DE LA CRUZ,MICHELLE VALLEJO,REPUBLICAN,DEMOCRAT,80978,68097.0,MONICA DE LA CRUZ,REPUBLICAN,MONICA DE LA CRUZ,MICHELLE VALLEJO,REP,DEM,44.0,40.0
2022,TEXAS,23,TONY GONZALES,JOHN LIRA,REPUBLICAN,DEMOCRAT,116649,80947.0,TONY GONZALES,REPUBLICAN,TONY GONZALES,JOHN LIRA,REP,DEM,42.0,26.0
2022,TEXAS,34,VICENTE GONZALEZ,MAYRA FLORES,DEMOCRAT,REPUBLICAN,70896,59464.0,VICENTE GONZALEZ,DEMOCRAT,MAYRA FLORES,DAN SANCHEZ,REP,DEM,24.0,19.0
2022,UTAH,1,BLAKE D MOORE,RICK EDWIN JONES,REPUBLICAN,DEMOCRAT,178434,87986.0,BLAKE D MOORE,REPUBLICAN,BLAKE D. MOORE,RICK EDWIN JONES,REP,DEM,61.66,32.21
2022,UTAH,2,CHRIS STEWART,NICK MITCHELL,REPUBLICAN,DEMOCRAT,154883,88224.0,CHRIS STEWART,REPUBLICAN,CHRIS STEWART,NICK MITCHELL,REP,DEM,50.2,30.91
2022,UTAH,3,JOHN R CURTIS,GLENN J WRIGHT,REPUBLICAN,DEMOCRAT,182497,83687.0,JOHN R CURTIS,REPUBLICAN,JOHN CURTIS,GLENN J. WRIGHT,REP,DEM,51.39,26.79
2022,UTAH,4,BURGESS OWENS,DARLENE MCDONALD,REPUBLICAN,DEMOCRAT,155110,82181.0,BURGESS OWENS,REPUBLICAN,BURGESS OWENS,DARLENE MCDONALD,REP,DEM,57.14,30.36
2022,VIRGINIA,2,JEN A KIGGANS,ELAINE G LURIA,REPUBLICAN,DEMOCRAT,153328,143219.0,JEN A KIGGANS,REPUBLICAN,ELAINE G. LURIA,ELAINE G. LURIA,DEM,DEM,39.0,38.0
2022,VIRGINIA,7,ABIGAIL DAVIS SPANBERGER,YESLI I VEGA,DEMOCRAT,REPUBLICAN,143357,130586.0,ABIGAIL DAVIS SPANBERGER,DEMOCRAT,ABIGAIL A. SPANBERGER,YESLI I. VEGA,DEM,REP,46.0,41.0
2022,VIRGINIA,10,JENNIFER WEXTON,HUNG CAO,DEMOCRAT,REPUBLICAN,157405,138163.0,JENNIFER WEXTON,DEMOCRAT,JENNIFER T. WEXTON,HUNG CAO,DEM,REP,43.0,41.0
2022,WASHINGTON,3,MARIE GLUESENKAMP PEREZ,JOE KENT,DEMOCRAT,REPUBLICAN,160314,157685.0,MARIE GLUESENKAMP PEREZ,DEMOCRAT,MARIE GLUESENKAMP PEREZ,JOE KENT,DEM,REP,47.0,45.0
2022,WASHINGTON,4,DAN NEWHOUSE,DOUG WHITE,REPUBLICAN,DEMOCRAT,150619,70710.0,DAN NEWHOUSE,REPUBLICAN,LOREN CULP,DAN NEWHOUSE,REP,REP,37.9,31.1
2022,WASHINGTON,8,KIM SCHRIER,MATT LARKIN,DEMOCRAT,REPUBLICAN,179003,155976.0,KIM SCHRIER,DEMOCRAT,KIM SCHRIER,KIM SCHRIER,DEM,DEM,48.0,48.0
2022,WISCONSIN,3,DERRICK VAN ORDEN,BRAD PFAFF,REPUBLICAN,DEMOCRAT,164743,152977.0,DERRICK VAN ORDEN,REPUBLICAN,DERRICK VAN ORDEN,DEB BALDUS MCGRATH,REP,DEM,47.0,38.0
